number,kanji,kanji,pronunciation,example,comments
1,亜（亞）,亚,ア,亜流，亜麻，亜熱帯,,
2,哀,哀,"アイ  あわれ  あわれむ","哀愁，哀願，悲哀 哀れ，哀れな話，哀れがる 哀れむ，哀れみ",,
3,挨,挨,アイ,挨拶,,
4,愛,爱,アイ,愛情，愛読，恋愛,愛媛（えひめ）県,
5,曖,暖,アイ,曖昧,,
6,悪（惡）,恶,"アク  オ  わるい","悪事，悪意，醜悪 悪寒，好悪，憎悪 悪い，悪さ，悪者",,
7,握,握,"アク  にぎる","握手，握力，掌握 握る，握り，一握り",,
8,圧（壓）,压,アツ,圧力，圧迫，気圧,,
9,扱,扱,あつかう,扱う，扱い，客扱い,,
10,宛,宛,あてる,宛てる，宛先,⇔当てる，充てる,
11,嵐,岚,あらし,嵐，砂嵐,,
12,安,安,"アン  やすい","安全，安価，不安 安い，安らかだ",,
13,案,案,アン,案文，案内，新案,,
14,暗,暗,"アン  くらい","暗示，暗愚，明暗 暗い，暗がり",,
15,以,以,イ,以上，以内，以後,,
16,衣,衣,"イ  ころも","衣服，衣食住，作業衣 衣，羽衣",浴衣（ゆかた）,
17,位,位,"イ  くらい","位置，第一位，各位 位，位取り，位する",「三位一体」，「従三位」は，「サンミイッタイ」，「ジュサンミ」。,
18,囲（圍）,围,"イ  かこむ  かこう","囲碁，包囲，範囲 囲む，囲み 囲う，囲い",,
19,医（醫）,医,イ,医学，医療，名医,,
20,依,依,"イ   エ","依頼，依拠，依然 帰依",,
21,委,委,"イ  ゆだねる","委任，委員，委細 委ねる",,
22,威,威,イ,威力，威圧，示威,,
23,為（爲）,为,イ,為政者，行為，作為,為替（かわせ）,
24,畏,畏,"イ  おそれる","畏敬，畏怖 畏れる，畏れ",⇔恐れる,
25,胃,胃,イ,胃腸，胃酸，胃弱,,
26,尉,尉,イ,尉官，一尉，大尉,,
27,異,异,"イ  こと","異論，異同，奇異 異にする，異なる",,
28,移,移,"イ  うつる  うつす","移転，移民，推移 移る，移り変わり 移す",,
29,萎,萎,"イ  なえる","萎縮 萎える",,
30,偉,伟,"イ  えらい","偉大，偉人，偉観 偉い，偉ぶる",,
31,椅,椅,イ,椅子,,
32,彙,汇,イ,語彙,＊［（付）第２の３【剝】参照］,
33,意,意,イ,意見，意味，決意,意気地（いくじ）,
34,違,违,"イ  ちがう  ちがえる","違反，違法，相違 違う，違い，間違う 違える，見違える，間違える",,
35,維,维,イ,維持，維新，繊維,,
36,慰,慰,"イ  なぐさめる  なぐさむ","慰安，慰問，慰労 慰める，慰め 慰む，慰み",,
37,遺,遗,"イ   ユイ","遺棄，遺産，遺失 遺言",「遺言」は，「イゴン」とも。,
38,緯,纬,イ,緯度，北緯，経緯,,
39,域,域,イキ,域内，地域，区域,,
40,育,育,"イク  そだつ  そだてる  はぐくむ","育児，教育，発育 育つ，育ち 育てる，育て親 育む",,
41,一,一,"イチ  イツ  ひと  ひとつ","一度，一座，第一 一般，同一，統一 一息，一筋，一月目 一つ","一日（ついたち） 一人（ひとり）",
42,壱（壹）,壹,イチ,壱万円,,
43,逸（逸）,逸,イツ,逸話，逸品，逸する,,
44,茨,茨,いばら,,茨城県,
45,芋,芋,いも,芋，里芋，焼き芋,,
46,引,引,"イン  ひく  ひける","引力，引退，索引 引く，字引 引ける",⇔弾く,
47,印,印,"イン  しるし","印刷，印象，調印 印，目印，矢印",,
48,因,因,"イン  よる","因果，原因，要因 因る，……に因る",,
49,咽,咽,イン,咽喉,,
50,姻,姻,イン,姻族，婚姻,,
51,員,员,イン,満員，定員，社員,,
52,院,院,イン,院内，議院，病院,,
53,淫,淫,"イン  みだら","淫行，淫乱 淫らだ",＊［（付）第２の３参照］,
54,陰,阴,"イン  かげ  かげる","陰気，陰性，光陰 陰，日陰 陰る，陰り",⇔影,
55,飲,饮,"イン  のむ","飲料，飲食，痛飲 飲む，飲み水",,
56,隠（隱）,隐,"イン  かくす  かくれる","隠居，隠忍，隠語 隠す 隠れる，雲隠れ",,
57,韻,韵,イン,韻律，韻文，音韻,,
58,右,右,"ウ  ユウ  みぎ","右岸，右折，右派 左右，座右 右，右手",,
59,宇,宇,ウ,宇宙，気宇，堂宇,,
60,羽,羽,"ウ  は    はね","羽毛，羽化，羽翼 白羽の矢，一羽（わ），三羽（ば），六羽（ぱ） 羽，羽飾り",「羽（は）」は，前に来る音によって「わ」，「ば」，「ぱ」になる。,
61,雨,雨,"ウ  あめ   あま","雨量，降雨，梅雨 雨，大雨 雨雲，雨戸，雨具","五月雨（さみだれ） 時雨（しぐれ） 梅雨（つゆ） 「春雨」，「小雨」，「霧雨」などは，「はるさめ」，「こさめ」，「きりさめ」。",
62,唄,呗,うた,小唄，長唄,⇔歌,
63,鬱,郁,ウツ,憂鬱,,
64,畝,亩,うね,畝，畝間，畝織,,
65,浦,浦,うら,浦，津々浦々,,
66,運,运,"ウン  はこぶ","運動，運命，海運 運ぶ",,
67,雲,云,"ウン  くも","雲海，風雲，積乱雲 雲，雲隠れ",,
68,永,永,"エイ  ながい","永続，永久，永遠 永い，日永",⇔長い,
69,泳,泳,"エイ  およぐ","泳法，水泳，背泳 泳ぐ，泳ぎ",,
70,英,英,エイ,英雄，英断，俊英,,
71,映,映,"エイ  うつる  うつす  はえる","映画，上映，反映 映る，映り 映す 映える，夕映え","⇔写る ⇔写す ⇔栄える",
72,栄（榮）,荣,"エイ  さかえる  はえ  はえる","栄枯，栄養，繁栄 栄える，栄え 栄えある，見栄え，出来栄え 栄える","⇔映え ⇔映える",
73,営（營）,营,"エイ  いとなむ","営業，経営，陣営 営む，営み",,
74,詠,咏,"エイ  よむ","詠嘆，詠草，朗詠 詠む",⇔読む,
75,影,影,"エイ  かげ","影響，陰影，撮影 影，影絵，人影",⇔陰,
76,鋭,锐,"エイ  するどい","鋭利，鋭敏，精鋭 鋭い，鋭さ",,
77,衛（衞）,卫,エイ,衛生，護衛，守衛,,
78,易,易,"エキ  イ  やさしい","易者，貿易，不易 容易，安易，難易 易しい，易しさ",,
79,疫,疫,"エキ   ヤク","疫病，悪疫，防疫 疫病神",,
80,益,益,"エキ   ヤク","有益，利益，益する 御利益",,
81,液,液,エキ,液体，液状，血液,,
82,駅（驛）,驿,エキ,駅長，駅伝，貨物駅,,
83,悦,悦,エツ,悦楽，喜悦,,
84,越,越,"エツ  こす  こえる","越境，超越，優越 越す，年越し 越える，山越え","⇔超す ⇔超える",
85,謁（謁）,谒,エツ,謁見，拝謁，謁する,,
86,閲,阅,エツ,閲覧，閲歴，校閲,,
87,円（圓）,圆,"エン  まるい","円卓，円熟，一円 円い，円さ，円み",⇔丸い,
88,延,延,"エン  のびる  のべる  のばす","延長，延期，遅延 延びる 延べる，延べ 延ばす","⇔伸びる ⇔伸べる ⇔伸ばす",
89,沿,沿,"エン  そう","沿海，沿線，沿革 沿う，川沿い",⇔添う,
90,炎,炎,"エン  ほのお","炎上，炎天，火炎 炎",,
91,怨,怨,"エン  オン","怨恨 怨念",,
92,宴,宴,エン,宴会，宴席，酒宴,,
93,媛,媛,エン,才媛,愛媛（えひめ）県,
94,援,援,エン,援助，応援，声援,,
95,園,园,"エン  その","園芸，公園，楽園 学びの園，花園",,
96,煙,烟,"エン  けむる  けむり  けむい","煙突，煙霧，喫煙 煙る 煙 煙い，煙たい，煙たがる",,
97,猿,猿,"エン  さる","野猿，類人猿，犬猿の仲 猿",,
98,遠,远,"エン   オン  とおい","遠近，永遠，敬遠 久遠 遠い，遠出，遠ざかる",,
99,鉛,铅,"エン  なまり","鉛筆，亜鉛，黒鉛 鉛，鉛色",,
100,塩（鹽）,盐,"エン  しお","塩分，塩酸，食塩 塩，塩辛い",,
101,演,演,エン,演技，演奏，講演,,
102,縁（緣）,缘,"エン  ふち","縁故，縁日，血縁 縁，縁取り，額縁",「因縁」は，「インネン」。,
103,艶（艷）,艳,"エン  つや","妖艶 艶，色艶",,
104,汚,污,"オ  けがす  けがれる  けがらわしい  よごす  よごれる  きたない","汚点，汚物，汚名 汚す 汚れる，汚れ 汚らわしい 汚す，口汚し 汚れる，汚れ，汚れ物 汚い，汚らしい",,
105,王,王,オウ,王子，帝王,「親王」，「勤王」などは，「シンノウ」，「キンノウ」。,
106,凹,凹,オウ,凹凸，凹面鏡，凹レンズ,凸凹（でこぼこ）,
107,央,央,オウ,中央,,
108,応（應）,应,"オウ    こたえる","応答，応用，呼応  応える","「反応」，「順応」などは，「ハンノウ」，「ジュンノウ」。 ⇔答える",
109,往,往,オウ,往復，往来，既往症,,
110,押,押,"オウ  おす  おさえる","押収，押印，押韻 押す，押し 押さえる，押さえ","⇔推す ⇔抑える",
111,旺,旺,オウ,旺盛,,
112,欧（歐）,欧,オウ,欧文，西欧，渡欧,,
113,殴（毆）,殴,"オウ  なぐる","殴打 殴る",,
114,桜（櫻）,樱,"オウ  さくら","桜花，観桜 桜，桜色，葉桜",,
115,翁,翁,オウ,老翁,,
116,奥（奧）,奥,"オウ  おく","奥義，深奥 奥，奥底，奥さん",「奥義」は，「おくギ」とも。,
117,横（橫）,横,"オウ  よこ","横断，横領，専横 横，横顔，横たわる",,
118,岡,岗,おか,,岡山県，静岡県，福岡県,
119,屋,屋,"オク  や","屋上，屋外，家屋 屋根，花屋，楽屋","母屋（おもや） 部屋（へや） ⇔家",
120,億,亿,オク,億万，一億,,
121,憶,忆,オク,記憶，追憶,,
122,臆,臆,オク,臆説，臆測，臆病,"「臆説」，「臆測」は， 「憶説」，「憶測」とも書く。",
123,虞,虞,おそれ,虞,,
124,乙,乙,オツ,乙種，甲乙,乙女（おとめ）,
125,俺,俺,おれ,俺,,
126,卸,卸,"おろす  おろし","卸す 卸，卸商",⇔下ろす，降ろす,
127,音,音,"オン  イン  おと  ね","音楽，発音，騒音 福音，母音 音，物音 音，音色",「観音」は，「カンノン」。,
128,恩,恩,オン,恩情，恩人，謝恩,,
129,温（溫）,温,"オン  あたたか  あたたかい  あたたまる  あたためる","温暖，温厚，気温 温かだ 温かい 温まる 温める","⇔暖か ⇔暖かい ⇔暖まる ⇔暖める",
130,穏（穩）,穏,"オン  おだやか","穏和，穏当，平穏 穏やかだ",「安穏」は，「アンノン」。,
131,下,下,"カ  ゲ  した  しも  もと  さげる  さがる  くだる  くだす  くださる  おろす  おりる","下流，下降，落下 下水，下車，上下 下，下見 下，川下 下，足下 下げる 下がる 下る，下り 下す 下さる 下ろす，書き下ろす 下りる","下手（へた）    ⇔元，本，基 ⇔提げる     ⇔卸す，降ろす ⇔降りる",
132,化,化,"カ  ケ  ばける  ばかす","化石，化学，文化 化粧，化身，権化 化ける，お化け 化かす",,
133,火,火,"カ  ひ   ほ","火災，灯火，発火 火，火花，炭火 火影",⇔灯,
134,加,加,"カ  くわえる  くわわる","加入，加減，追加 加える 加わる",,
135,可,可,カ,可否，可能，許可,,
136,仮（假）,假,"カ   ケ  かり","仮面，仮定，仮装 仮病 仮の住まい，仮に，仮処分",仮名（かな）,
137,何,何,"カ  なに   なん","幾何学 何，何者，何事 何本，何十，何点",,
138,花,花,"カ  はな","花弁，花壇，落花 花，花火，草花",⇔華,
139,佳,佳,カ,佳作，佳人，絶佳,,
140,価（價）,价,"カ  あたい","価値，価格，評価 価",⇔値,
141,果,果,"カ  はたす  はてる  はて","果実，果断，結果 果たす，果たして〔副〕 果てる 果て",果物（くだもの）,
142,河,河,"カ    かわ","河川，河口，運河  河","河岸（かし） 河原（かわら） ⇔川",
143,苛,苛,カ,苛酷，苛烈,,
144,科,科,カ,科学，教科，罪科,,
145,架,架,"カ  かける  かかる","架橋，架空，書架 架ける 架かる","⇔掛ける，懸ける，賭ける ⇔掛かる，懸かる",
146,夏,夏,"カ   ゲ  なつ","夏季，初夏，盛夏 夏至 夏，夏服，真夏",,
147,家,家,"カ  ケ  いえ  や","家屋，家庭，作家 家来，本家，分家 家，家柄，家元 家主，借家","母家（おもや） ⇔屋",
148,荷,荷,"カ  に","出荷，入荷 荷，荷物，初荷",,
149,華,华,"カ   ケ  はな","華美，繁華，栄華 香華，散華 華やかだ，華やぐ，華々しい",⇔花,
150,菓,菓,カ,菓子，製菓，茶菓,,
151,貨,货,カ,貨物，貨幣，通貨,,
152,渦,涡,"カ  うず","渦中 渦，渦潮，渦巻く",,
153,過,过,"カ  すぎる  すごす  あやまつ  あやまち","過度，過失，通過 過ぎる，昼過ぎ 過ごす 過つ 過ち",,
154,嫁,嫁,"カ  よめ  とつぐ","再嫁，転嫁，嫁する 嫁，花嫁 嫁ぐ，嫁ぎ先",,
155,暇,暇,"カ  ひま","余暇，休暇，寸暇 暇，暇な時",,
156,禍（禍）,祸,カ,禍福，禍根，災禍,,
157,靴,靴,"カ  くつ","製靴 靴，靴下，革靴",,
158,寡,寡,カ,寡黙，寡婦，多寡,,
159,歌,歌,"カ  うた  うたう","歌曲，唱歌，短歌 歌 歌う","⇔唄 ⇔謡う",
160,箇,个,カ,箇条，箇所,,
161,稼,稼,"カ  かせぐ","稼業，稼働 稼ぐ，稼ぎ",,
162,課,课,カ,課，日課，課する,,
163,蚊,蚊,か,蚊，蚊柱，やぶ蚊,蚊帳（かや）,
164,牙,牙,"ガ   ゲ  きば","牙城，歯牙 象牙 牙",,
165,瓦,瓦,"ガ  かわら","瓦解 瓦，瓦屋根",,
166,我,我,"ガ  われ  わ","我流，彼我，自我 我，我々，我ら 我が国",,
167,画（畫）,画,"ガ  カク","画家，図画，映画 画期的，計画，区画",,
168,芽,芽,"ガ  め","発芽，麦芽，肉芽 芽，芽生える，新芽",,
169,賀,贺,ガ,賀状，祝賀，賀する,,
170,雅,雅,ガ,雅趣，優雅，風雅,,
171,餓,饿,ガ,餓死，餓鬼，飢餓,,
172,介,介,カイ,介入，紹介，介する,,
173,回,回,"カイ   エ  まわる  まわす","回答，転回，次回 回向 回る，回り，回り道 回す，手回し",⇔周り,
174,灰,灰,"カイ  はい","灰白色，石灰 灰，灰色，火山灰",,
175,会（會）,会,"カイ  エ  あう","会話，会計，社会 会釈，会得，法会 会う",⇔合う，遭う,
176,快,快,"カイ  こころよい","快活，快晴，明快 快い",,
177,戒,戒,"カイ  いましめる","戒心，戒律，警戒 戒める，戒め",,
178,改,改,"カイ  あらためる  あらたまる","改造，改革，更改 改める，改めて〔副〕 改まる",,
179,怪,怪,"カイ  あやしい  あやしむ","怪談，怪物，奇怪 怪しい，怪しげだ 怪しむ",⇔妖しい,
180,拐,拐,カイ,拐帯，誘拐,,
181,悔（悔）,悔,"カイ  くいる  くやむ  くやしい","悔恨，後悔 悔いる，悔い 悔やむ，お悔やみ 悔しい，悔しがる",,
182,海（海）,海,"カイ  うみ","海岸，海水浴，航海 海，海鳴り","海女・海士（あま） 海原（うなばら）",
183,界,界,カイ,境界，限界，世界,,
184,皆,皆,"カイ  みな","皆無，皆勤，皆出席 皆，皆さん",,
185,械,械,カイ,機械,,
186,絵（繪）,绘,"カイ  エ","絵画 絵本，絵図，口絵",,
187,開,开,"カイ  ひらく  ひらける  あく  あける","開始，開拓，展開 開く，川開き 開ける 開く 開ける，開けたて","⇔空く，明く ⇔空ける，明ける",
188,階,阶,カイ,階段，階級，地階,,
189,塊,块,"カイ  かたまり","塊状，山塊 塊",,
190,楷,楷,カイ,楷書,,
191,解,解,"カイ  ゲ  とく  とかす  とける","解決，解禁，理解 解脱，解熱剤，解毒剤 解く 解かす 解ける","⇔溶く ⇔溶かす ⇔溶ける",
192,潰,溃,"カイ  つぶす  つぶれる","潰瘍 潰す 潰れる",,
193,壊（壞）,坏,"カイ  こわす  こわれる","壊滅，破壊，決壊 壊す 壊れる",,
194,懐（懷）,怀,"カイ  ふところ  なつかしい  なつかしむ  なつく  なつける","懐中，懐古，述懐 懐，懐手，内懐 懐かしい 懐かしむ 懐く 懐ける",,
195,諧,谐,カイ,俳諧,,
196,貝,贝,かい,貝，貝細工，ほら貝,,
197,外,外,"ガイ  ゲ  そと  ほか  はずす  はずれる","外出，海外，除外 外科，外題，外道 外，外囲い 外，その外 外す，踏み外す 外れる，町外れ",⇔他,
198,劾,劾,ガイ,弾劾,,
199,害,害,ガイ,害悪，被害，損害,,
200,崖,崖,"ガイ  がけ","断崖 崖下",,
201,涯,涯,ガイ,生涯,,
202,街,街,"ガイ   カイ  まち","街頭，市街，商店街 街道 街，街角",⇔町,
203,慨（慨）,慨,ガイ,慨嘆，憤慨，感慨,,
204,蓋,盖,"ガイ  ふた","頭蓋骨 蓋，火蓋",,
205,該,该,ガイ,該当，該博，当該,,
206,概（槪）,概,ガイ,概念，大概，概して,,
207,骸,骸,ガイ,形骸化，死骸,,
208,垣,垣,かき,垣，垣根,,
209,柿,柿,かき,柿,,
210,各,各,"カク  おのおの","各自，各種，各位 各",「各々」とも書く。,
211,角,角,"カク  かど  つの","角度，三角，頭角 角，街角，四つ角 角，角笛",,
212,拡（擴）,扩,カク,拡大，拡張，拡声器,,
213,革,革,"カク  かわ","革新，改革，皮革 革，革靴",⇔皮,
214,格,格,"カク   コウ","格式，規格，性格 格子",,
215,核,核,カク,核心，核反応，結核,,
216,殻（殼）,壳,"カク  から","甲殻，地殻 殻，貝殻",,
217,郭,郭,カク,城郭，外郭，輪郭,,
218,覚（覺）,觉,"カク  おぼえる  さます  さめる","覚悟，知覚，発覚 覚える，覚え 覚ます，目覚まし 覚める，目覚め",,
219,較,较,カク,比較,,
220,隔,隔,"カク  へだてる  へだたる","隔離，隔月，間隔 隔てる，隔て 隔たる，隔たり",,
221,閣,阁,カク,閣議，閣僚，内閣,,
222,確,确,"カク  たしか  たしかめる","確定，確認，正確 確かだ，確かさ 確かめる",,
223,獲,获,"カク  える","獲得，捕獲，漁獲高 獲る，獲物",⇔得る,
224,嚇,嚇,カク,威嚇,,
225,穫,获,カク,収穫,,
226,学（學）,学,"ガク  まなぶ","学習，科学，大学 学ぶ",,
227,岳（嶽）,岳,"ガク  たけ","岳父，山岳 ○○岳",,
228,楽（樂）,乐,"ガク  ラク  たのしい  たのしむ","楽隊，楽器，音楽 楽園，快楽，娯楽 楽しい，楽しさ，楽しげだ 楽しむ",神楽（かぐら）,
229,額,额,"ガク  ひたい","額縁，金額，前額部 額",,
230,顎,额,"ガク  あご","顎関節 顎",,
231,掛,挂,"かける  かかる  かかり","掛ける 掛かる 掛","⇔懸ける，架ける，賭ける ⇔係る，懸かる，架かる ⇔係",
232,潟,泻,かた,干潟，○○潟,,
233,括,括,カツ,括弧，一括，包括,,
234,活,活,カツ,活動，活力，生活,,
235,喝（喝）,喝,カツ,喝破，一喝，恐喝,,
236,渇（渴）,渴,"カツ  かわく","渇望，渇水 渇く，渇き",⇔乾く,
237,割,割,"カツ  わる  わり  われる  さく","割愛，割拠，分割 割る 割がいい，割合，割に，五割 割れる，ひび割れ 割く",⇔裂く,
238,葛,葛,"カツ  くず","葛藤 葛，葛湯",＊［（付）第２の３参照］,
239,滑,滑,"カツ  コツ  すべる  なめらか","滑走，滑降，円滑 滑稽 滑る，滑り 滑らかだ",,
240,褐（褐）,褐,カツ,褐色，茶褐色,,
241,轄,辖,カツ,管轄，所轄，直轄,,
242,且,且,かつ,且つ,,
243,株,株,かぶ,株，株式,,
244,釜,釜,かま,釜,,
245,鎌,镰,かま,鎌，鎌倉時代,,
246,刈,刈,かる,刈る，刈り入れ,,
247,干,干,"カン  ほす  ひる","干渉，干潮，若干 干す，干し物 干上がる，干物，潮干狩り",,
248,刊,刊,カン,刊行，発刊，週刊,,
249,甘,甘,"カン  あまい  あまえる  あまやかす","甘言，甘受，甘味料 甘い，甘み 甘える 甘やかす",,
250,汗,汗,"カン  あせ","汗顔，発汗 汗，汗ばむ",,
251,缶（罐）,缶,カン,缶，缶詰，製缶,,
252,完,完,カン,完全，完成，未完,,
253,肝,肝,"カン  きも","肝臓，肝胆，肝要 肝，肝っ玉",,
254,官,官,カン,官庁，官能，教官,,
255,冠,冠,"カン  かんむり","冠詞，王冠，栄冠 冠",,
256,巻（卷）,卷,"カン  まく  まき","巻頭，圧巻，一巻 巻く，巻き貝 巻の一",,
257,看,看,カン,看護，看破，看板,,
258,陥（陷）,陷,"カン  おちいる  おとしいれる","陥落，陥没，欠陥 陥る 陥れる",,
259,乾,干,"カン  かわく  かわかす","乾燥，乾杯，乾電池 乾く 乾かす",⇔渇く,
260,勘,勘,カン,勘弁，勘当,,
261,患,患,"カン  わずらう","患者，疾患 患う，長患い",⇔煩う,
262,貫,贯,"カン  つらぬく","貫通，縦貫，尺貫法 貫く",,
263,寒,寒,"カン  さむい","寒暑，寒村，厳寒 寒い，寒がる，寒空",,
264,喚,唤,カン,喚問，召喚，叫喚,,
265,堪,堪,"カン  たえる","堪忍，堪能 堪える","「堪能」は，「タンノウ」とも。 ⇔耐える",
266,換,换,"カン  かえる  かわる","換気，換算，交換 換える 換わる","⇔代える，替える，変える ⇔代わる，替わる，変わる",
267,敢,敢,カン,敢然，果敢，勇敢,,
268,棺,棺,カン,棺おけ，石棺，出棺,,
269,款,款,カン,定款，借款，落款,,
270,間,间,"カン  ケン  あいだ  ま","間隔，中間，時間 世間，人間 間，間柄 間，間違う，客間",,
271,閑,闲,カン,閑静，閑却，繁閑,,
272,勧（勸）,劝,"カン  すすめる","勧誘，勧奨，勧告 勧める，勧め",⇔進める，薦める,
273,寛（寬）,宽,カン,寛大，寛容，寛厳,,
274,幹,干,"カン  みき","幹線，幹事，根幹 幹",,
275,感,感,カン,感心，感覚，直感,,
276,漢（漢）,汉,カン,漢字，漢語，門外漢,,
277,慣,惯,"カン  なれる  ならす","慣例，慣性，習慣 慣れる，慣れ 慣らす",,
278,管,管,"カン  くだ","管理，管制，鉄管 管",,
279,関（關）,关,"カン  せき  かかわる","関節，関係，関する 関，関取，関の山 関わる，関わり",,
280,歓（歡）,欢,カン,歓迎，歓声，交歓,,
281,監,监,カン,監視，監督，総監,,
282,緩,缓,"カン  ゆるい  ゆるやか  ゆるむ  ゆるめる","緩和，緩慢，緩急 緩い 緩やかだ 緩む，緩み 緩める",,
283,憾,憾,カン,遺憾,,
284,還,还,カン,還元，生還，返還,,
285,館,馆,"カン  やかた","館内，旅館，図書館 館",,
286,環,环,カン,環状，環境，循環,,
287,簡,简,カン,簡単，簡易，書簡,,
288,観（觀）,观,カン,観察，客観，壮観,,
289,韓,韩,カン,韓国,,
290,艦,舰,カン,艦船，艦隊，軍艦,,
291,鑑,鉴,"カン  かんがみる","鑑賞，鑑定，年鑑 鑑みる",,
292,丸,丸,"ガン  まる  まるい  まるめる","丸薬，弾丸，砲丸 丸，丸太，丸洗い 丸い，丸み，丸さ 丸める",⇔円い,
293,含,含,"ガン  ふくむ  ふくめる","含有，含蓄，包含 含む，含み 含める",,
294,岸,岸,"ガン  きし","岸壁，対岸，彼岸 岸，向こう岸",河岸（かし）,
295,岩,岩,"ガン  いわ","岩石，岩塩，火成岩 岩，岩場",,
296,玩,玩,ガン,玩具，愛玩,,
297,眼,眼,"ガン   ゲン  まなこ","眼球，眼力，主眼 開眼 眼，どんぐり眼，血眼",眼鏡（めがね）,
298,頑,顽,ガン,頑強，頑健，頑固,,
299,顔,颜,"ガン  かお","顔面，童顔，厚顔 顔，横顔，したり顔",笑顔（えがお）,
300,願,愿,"ガン  ねがう","願望，祈願，志願 願う，願い，願わしい",,
301,企,企,"キ  くわだてる","企画，企図，企業 企てる，企て",,
302,伎,伎,キ,歌舞伎,,
303,危,危,"キ  あぶない  あやうい  あやぶむ","危険，危害，安危 危ない，危ながる 危うい，危うく 危ぶむ",,
304,机,机,"キ  つくえ","机上，机辺 机",,
305,気（氣）,气,"キ  ケ","気体，気候，元気 気配，気色ばむ，火の気","意気地（いくじ） 浮気（うわき）",
306,岐,岐,キ,岐路，分岐，多岐,岐阜（ぎふ）県,
307,希,希,キ,希望，希少，希薄,,
308,忌,忌,"キ  いむ  いまわしい","忌避，忌中，禁忌 忌む 忌まわしい",,
309,汽,汽,キ,汽車，汽船，汽笛,,
310,奇,奇,キ,奇襲，奇数，珍奇,数奇屋（すきや）,
311,祈（祈）,祈,"キ  いのる","祈願，祈念 祈る，祈り",,
312,季,季,キ,季節，四季，雨季,,
313,紀,纪,キ,紀行，紀元，風紀,,
314,軌,轨,キ,軌道，広軌，常軌,,
315,既（既）,既,"キ  すでに","既成，既婚，既往症 既に",,
316,記,记,"キ  しるす","記入，記号，伝記 記す",,
317,起,起,"キ  おきる  おこる  おこす","起立，起源，奮起 起きる，早起き 起こる 起こす","⇔興る ⇔興す",
318,飢,饥,"キ  うえる","飢餓 飢える，飢え",,
319,鬼,鬼,"キ  おに","鬼神，鬼才，餓鬼 鬼，鬼ごっこ，赤鬼",,
320,帰（歸）,归,"キ  かえる  かえす","帰還，帰納，復帰 帰る，帰り 帰す","⇔返る ⇔返す",
321,基,基,"キ  もと  もとい","基礎，基準，基地 基，基づく 基",⇔下，元，本,
322,寄,寄,"キ  よる  よせる","寄宿，寄贈，寄港 寄る，近寄る，身寄り 寄せる，人寄せ","数寄屋（すきや） 最寄り（もより） 寄席（よせ）",
323,規,规,キ,規則，規律，定規,,
324,亀（龜）,龟,"キ  かめ","亀裂 亀",,
325,喜,喜,"キ  よろこぶ","喜劇，悲喜，歓喜 喜ぶ，喜び，喜ばしい",,
326,幾,几,"キ  いく","幾何学 幾つ，幾ら，幾日",,
327,揮,挥,キ,揮発油，指揮，発揮,,
328,期,期,"キ   ゴ","期間，期待，予期 最期，この期に及んで",,
329,棋,棋,キ,棋士，棋譜，将棋,,
330,貴,贵,"キ  たっとい  とうとい  たっとぶ  とうとぶ","貴重，貴下，騰貴 貴い 貴い 貴ぶ 貴ぶ","⇔尊い ⇔尊い ⇔尊ぶ ⇔尊ぶ",
331,棄,弃,キ,棄権，放棄，遺棄,,
332,毀,毁,キ,毀損，毀誉,,
333,旗,旗,"キ  はた","旗手，旗艦，国旗 旗，旗色，手旗",,
334,器（器）,器,"キ  うつわ","器量，器用，陶器 器",,
335,畿,畿,キ,畿内，近畿,,
336,輝,辉,"キ  かがやく","輝石，光輝 輝く，輝き，輝かしい",,
337,機,机,"キ  はた","機械，機会，危機 機，機織り",,
338,騎,骑,キ,騎士，騎馬，一騎当千,,
339,技,技,"ギ  わざ","技術，技師，特技 技",⇔業,
340,宜,宜,ギ,適宜，便宜,,
341,偽（僞）,伪,"ギ  いつわる  にせ","偽名，真偽，虚偽 偽る，偽り 偽，偽物，偽札",,
342,欺,欺,"ギ  あざむく","詐欺 欺く",,
343,義,义,ギ,義理，意義，正義,,
344,疑,疑,"ギ  うたがう","疑念，疑問，容疑 疑う，疑い，疑わしい",,
345,儀,仪,ギ,儀式，威儀，地球儀,,
346,戯（戲）,戏,"ギ  たわむれる","戯曲，遊戯，児戯 戯れる，戯れ",,
347,擬,拟,ギ,擬音，擬人法，模擬,,
348,犠（犧）,牺,ギ,犠牲，犠打,,
349,議,议,ギ,議論，会議，異議,,
350,菊,菊,キク,菊，菊花，白菊,,
351,吉,吉,"キチ  キツ","吉日，吉例，大吉 吉報，不吉",「吉日」は，「キツジツ」とも。,
352,喫,喫,キツ,喫煙，満喫，喫する,,
353,詰,诘,"キツ  つめる  つまる  つむ","詰問，難詰，面詰 詰める，詰め物 詰まる，行き詰まる 詰む，詰み",,
354,却,却,キャク,却下，退却，売却,,
355,客,客,"キャク  カク","客間，客車，乗客 客死，主客，旅客",,
356,脚,脚,"キャク   キャ  あし","脚部，脚本，三脚 脚立，行脚 脚，机の脚",⇔足,
357,逆,逆,"ギャク  さか  さからう","逆上，逆転，順逆 逆立つ，逆さ，逆さま 逆らう",,
358,虐,虐,"ギャク  しいたげる","虐待，虐殺，残虐 虐げる",,
359,九,九,"キュウ  ク  ここの  ここのつ","九百，三拝九拝 九分九厘，九月 九日，九重 九つ",,
360,久,久,"キュウ   ク  ひさしい","永久，持久，耐久 久遠 久しい，久々",,
361,及,及,"キュウ  およぶ  および  およぼす","及第，追及，普及 及ぶ，及び腰 及び〔接〕 及ぼす",,
362,弓,弓,"キュウ  ゆみ","弓道，弓状，洋弓 弓，弓矢",,
363,丘,丘,"キュウ  おか","丘陵，砂丘 丘",,
364,旧（舊）,旧,キュウ,旧道，新旧，復旧,,
365,休,休,"キュウ  やすむ  やすまる  やすめる","休止，休憩，定休 休む，休み 休まる 休める，気休め",,
366,吸,吸,"キュウ  すう","吸収，吸入，呼吸 吸う",,
367,朽,朽,"キュウ  くちる","不朽，老朽，腐朽 朽ちる",,
368,臼,臼,"キュウ  うす","臼歯，脱臼 石臼",,
369,求,求,"キュウ  もとめる","求職，要求，追求 求める，求め",,
370,究,究,"キュウ  きわめる","究明，研究，学究 究める",⇔窮める，極める,
371,泣,泣,"キュウ  なく","号泣，感泣 泣く，泣き沈む",,
372,急,急,"キュウ  いそぐ","急速，急務，緊急 急ぐ，急ぎ",,
373,級,级,キュウ,等級，上級，階級,,
374,糾,纠,キュウ,糾弾，紛糾,,
375,宮,宫,"キュウ  グウ   ク  みや","宮殿，宮廷，離宮 宮司，神宮，東宮  宮，宮様",「宮内庁」などと使う。,
376,救,救,"キュウ  すくう","救助，救援，救急 救う，救い",,
377,球,球,"キュウ  たま","球形，球技，地球 球",⇔玉，弾,
378,給,给,キュウ,給水，配給，月給,,
379,嗅,嗅,"キュウ  かぐ","嗅覚 嗅ぐ",＊［（付）第２の３参照］,
380,窮,穷,"キュウ  きわめる  きわまる","窮極，窮屈，困窮 窮める 窮まる","⇔究める，極める ⇔極まる",
381,牛,牛,"ギュウ  うし","牛馬，牛乳，闘牛 牛",,
382,去,去,"キョ  コ  さる","去年，去就，除去 過去 去る，去る○日",,
383,巨,巨,キョ,巨大，巨匠，巨万,,
384,居,居,"キョ  いる","居住，居室，住居 居る，芝居",居士（こじ）,
385,拒,拒,"キョ  こばむ","拒絶，拒否 拒む",,
386,拠（據）,据,"キョ  コ","拠点，占拠，根拠 証拠",,
387,挙（擧）,举,"キョ  あげる  あがる","挙手，挙国，壮挙 挙げる，挙げて〔副〕 挙がる","⇔上げる，揚げる ⇔上がる，揚がる",
388,虚（虛）,虚,"キョ   コ","虚無，虚偽，空虚 虚空，虚無僧",,
389,許,许,"キョ  ゆるす","許可，許諾，特許 許す，許し",,
390,距,距,キョ,距離,,
391,魚,鱼,"ギョ  うお  さかな","魚類，金魚，鮮魚 魚，魚市場 魚，魚屋，煮魚",雑魚（ざこ）,
392,御,御,"ギョ  ゴ  おん","御者，制御 御飯，御用，御殿 御中，御礼",,
393,漁,渔,"ギョ  リョウ","漁業，漁船，漁村 漁師，大漁，不漁",「猟」の字音の転用。,
394,凶,凶,キョウ,凶悪，凶作，吉凶,,
395,共,共,"キョウ  とも","共同，共通，公共 共に，共々，共食い",,
396,叫,叫,"キョウ  さけぶ","叫喚，絶叫 叫ぶ，叫び",,
397,狂,狂,"キョウ  くるう  くるおしい","狂気，狂言，熱狂 狂う 狂おしい",,
398,京,京,"キョウ  ケイ",京風，上京，帰京,「京浜」，「京阪」などと使う。,
399,享,享,キョウ,享有，享受，享楽,,
400,供,供,"キョウ   ク  そなえる  とも","供給，提供，自供 供物，供養 供える，お供え 供，子供",⇔備える,
401,協,协,キョウ,協力，協会，妥協,,
402,況,况,キョウ,状況，実況，概況,,
403,峡（峽）,峡,キョウ,峡谷，地峡，海峡,,
404,挟（挾）,挟,"キョウ  はさむ  はさまる","挟撃 挟む 挟まる",,
405,狭（狹）,狭,"キョウ  せまい  せばめる  せばまる","狭量，広狭，偏狭 狭い，狭苦しい 狭める 狭まる",,
406,恐,恐,"キョウ  おそれる  おそろしい","恐怖，恐縮，恐慌 恐れる，恐れ，恐らく 恐ろしい",⇔畏れる,
407,恭,恭,"キョウ  うやうやしい","恭賀，恭順 恭しい",,
408,胸,胸,"キョウ  むね   むな","胸囲，胸中，度胸 胸 胸板，胸毛，胸騒ぎ",,
409,脅,胁,"キョウ  おびやかす  おどす  おどかす","脅迫，脅威 脅かす 脅す，脅し，脅し文句 脅かす",,
410,強,强,"キョウ  ゴウ  つよい  つよまる  つよめる  しいる","強弱，強要，勉強 強引，強情，強盗 強い，強がる 強まる 強める 強いる，無理強い",,
411,教,教,"キョウ  おしえる  おそわる","教育，教訓，宗教 教える，教え 教わる",,
412,郷（鄕）,乡,"キョウ  ゴウ","郷里，郷土，異郷 郷士，近郷，在郷",,
413,境,境,"キョウ   ケイ  さかい","境界，境地，逆境 境内 境，境目",,
414,橋,桥,"キョウ  はし","橋脚，鉄橋，歩道橋 橋，丸木橋",,
415,矯,矫,"キョウ  ためる","矯正，奇矯 矯める，矯め直す",,
416,鏡,镜,"キョウ  かがみ","鏡台，望遠鏡，反射鏡 鏡",眼鏡（めがね）,
417,競,竞,"キョウ  ケイ  きそう  せる","競争，競技，競泳 競馬，競輪 競う 競る，競り合う",,
418,響（響）,响,"キョウ  ひびく","音響，影響，交響楽 響く，響き",,
419,驚,惊,"キョウ  おどろく  おどろかす","驚異，驚嘆 驚く，驚き 驚かす",,
420,仰,仰,"ギョウ   コウ  あおぐ  おおせ","仰視，仰天，仰角 信仰 仰ぐ 仰せ",,
421,暁（曉）,晓,"ギョウ  あかつき","暁天，今暁，通暁 暁",,
422,業,业,"ギョウ  ゴウ  わざ","業績，職業，卒業 業病，罪業，自業自得 業，仕業，早業",⇔技,
423,凝,凝,"ギョウ  こる  こらす","凝固，凝結，凝視 凝る，凝り性 凝らす",,
424,曲,曲,"キョク  まがる  まげる","曲線，曲面，名曲 曲がる 曲げる",,
425,局,局,キョク,局部，時局，結局,,
426,極,极,"キョク  ゴク  きわめる    きわまる  きわみ","極限，終極，積極的 極上，極秘，至極 極める，極め付き， 極めて〔副〕 極まる，極まり 極み","⇔究める，窮める  ⇔窮まる",
427,玉,玉,"ギョク  たま","玉座，玉石，宝玉 玉，目玉",⇔球，弾,
428,巾,巾,キン,頭巾，雑巾,,
429,斤,斤,キン,斤量,,
430,均,均,キン,均等，均一，平均,,
431,近,近,"キン  ちかい","近所，近代，接近 近い，近づく，近道",,
432,金,金,"キン  コン  かね   かな","金属，金銭，純金 金色，金剛力，黄金 金，金持ち，針金 金物，金具，金縛り",,
433,菌,菌,キン,細菌，殺菌，保菌者,,
434,勤（勤）,勤,"キン   ゴン  つとめる  つとまる","勤務，勤勉，出勤 勤行 勤める，勤め 勤まる","⇔努める，務める ⇔務まる",
435,琴,琴,"キン  こと","琴線，木琴，手風琴 琴",,
436,筋,筋,"キン  すじ","筋肉，筋骨，鉄筋 筋，筋書，大筋",,
437,僅,仅,"キン  わずか","僅差 僅かだ",＊［（付）第２の３参照］,
438,禁,禁,キン,禁止，禁煙，厳禁,,
439,緊,紧,キン,緊張，緊密，緊急,,
440,錦,锦,"キン  にしき","錦秋 錦絵",,
441,謹（謹）,谨,"キン  つつしむ","謹慎，謹賀，謹呈 謹む，謹んで〔副〕",⇔慎む,
442,襟,襟,"キン  えり","襟度，開襟，胸襟 襟，襟首",,
443,吟,吟,ギン,吟味，詩吟，苦吟,,
444,銀,银,ギン,銀貨，銀行，水銀,,
445,区（區）,区,ク,区別，区々，地区,,
446,句,句,ク,句集，字句，節句,,
447,苦,苦,"ク  くるしい  くるしむ  くるしめる  にがい  にがる","苦心，苦労，辛苦 苦しい，苦しがる，見苦しい 苦しむ，苦しみ 苦しめる 苦い，苦虫，苦々しい 苦り切る",,
448,駆（驅）,驱,"ク  かける  かる","駆使，駆逐，先駆 駆ける，抜け駆け 駆る，駆り立てる",,
449,具,具,グ,具体的，具備，道具,,
450,惧,惧,グ,危惧,＊［（付）第２の３参照］,
451,愚,愚,"グ  おろか","愚問，愚鈍，暗愚 愚かだ，愚かしい",,
452,空,空,"クウ  そら  あく  あける  から","空想，空港，上空 空，空色，青空 空く，空き巣 空ける 空，空手，空手形","⇔開く，明く ⇔開ける，明ける",
453,偶,偶,グウ,偶然，偶数，配偶者,,
454,遇,遇,グウ,境遇，待遇，遇する,,
455,隅,隅,"グウ  すみ","一隅 隅，片隅",,
456,串,串,くし,串刺し，串焼き,,
457,屈,屈,クツ,屈辱，屈伸，不屈，理屈,,
458,掘,掘,"クツ  ほる","掘削，発掘，採掘 掘る",,
459,窟,窟,クツ,巣窟，洞窟,,
460,熊,熊,くま,熊,,
461,繰,繰,くる,繰る，繰り返す,,
462,君,君,"クン  きみ","君主，君臨，諸君 君，母君",,
463,訓,训,クン,訓練，教訓，音訓,,
464,勲（勳）,勋,クン,勲功，勲章，殊勲,,
465,薫（薰）,熏,"クン  かおる","薫風，薫陶 薫る，薫り",⇔香る,
466,軍,军,グン,軍隊，軍備，空軍,,
467,郡,郡,グン,郡部，○○郡,,
468,群,群,"グン  むれる  むれ   むら","群居，大群，抜群 群れる 群れ 群すずめ，群千鳥，群がる",,
469,兄,兄,"ケイ   キョウ  あに","兄事，父兄，義兄 兄弟 兄","兄（にい）さん 「兄弟」は，「ケイテイ」と読むこともある。",
470,刑,刑,ケイ,刑罰，刑法，処刑,,
471,形,形,"ケイ  ギョウ  かた  かたち","形態，形成，図形 形相，人形 形，形見，手形 形",⇔型,
472,系,系,ケイ,系統，系列，体系,,
473,径（徑）,径,ケイ,直径，直情径行,,
474,茎（莖）,茎,"ケイ  くき","球茎，地下茎 茎，歯茎",,
475,係,系,"ケイ  かかる  かかり","係累，係争，関係 係る 係，係員，庶務係","⇔掛かる ⇔掛",
476,型,型,"ケイ  かた","原型，模型，典型 型，型紙，血液型",⇔形,
477,契,契,"ケイ  ちぎる","契約，契機，黙契 契る，契り",,
478,計,计,"ケイ  はかる  はからう","計算，計画，寒暖計 計る 計らう，計らい","時計（とけい） ⇔測る，量る，図る，謀る",
479,恵（惠）,恵,"ケイ  エ  めぐむ","恵贈，恵与，恩恵 恵方参り，知恵 恵む，恵み",,
480,啓,启,ケイ,啓発，啓示，拝啓,,
481,掲（揭）,揭,"ケイ  かかげる","掲示，掲載，前掲 掲げる",,
482,渓（溪）,溪,ケイ,渓谷，渓流，雪渓,,
483,経（經）,经,"ケイ  キョウ  へる","経費，経済，経験 経文，お経，写経 経る",読経（どきょう）,
484,蛍（螢）,萤,"ケイ  ほたる","蛍光灯，蛍光塗料 蛍",,
485,敬,敬,"ケイ  うやまう","敬意，敬服，尊敬 敬う",,
486,景,景,ケイ,景気，風景，光景,景色（けしき）,
487,軽（輕）,轻,"ケイ  かるい  かろやか","軽快，軽薄，軽率 軽い，軽々と，手軽だ 軽やかだ",,
488,傾,倾,"ケイ  かたむく  かたむける","傾斜，傾倒，傾向 傾く，傾き 傾ける",,
489,携,携,"ケイ  たずさえる  たずさわる","携帯，必携，提携 携える 携わる",,
490,継（繼）,继,"ケイ  つぐ","継続，継承，中継 継ぐ，継ぎ",⇔接ぐ，次ぐ,
491,詣,诣,"ケイ  もうでる","参詣 詣でる，初詣",,
492,慶,庆,ケイ,慶弔，慶祝，慶賀,,
493,憬,憬,ケイ,憧憬,,
494,稽,稽,ケイ,稽古，滑稽,＊［（付）第２の３参照］,
495,憩,憩,"ケイ  いこい  いこう","休憩 憩い 憩う",,
496,警,警,ケイ,警告，警戒，警察,,
497,鶏（鷄）,鸡,"ケイ  にわとり","鶏卵，鶏舎，養鶏 鶏",,
498,芸（藝）,艺,ゲイ,芸術，芸能，文芸,,
499,迎,迎,"ゲイ  むかえる","迎合，歓迎，送迎 迎える，出迎え",,
500,鯨,鲸,"ゲイ  くじら","鯨油，捕鯨 鯨",,
501,隙,隙,"ゲキ  すき","間隙 隙間",「隙間」は，「透き間」とも書く。,
502,劇,剧,ゲキ,劇薬，劇場，演劇,,
503,撃（擊）,击,"ゲキ  うつ","撃退，攻撃，打撃 撃つ，早撃ち",⇔打つ，討つ,
504,激,激,"ゲキ  はげしい","激動，感激，激する 激しい，激しさ",,
505,桁,桁,けた,桁違い，橋桁,,
506,欠（缺）,欠,"ケツ  かける  かく","欠乏，欠席，補欠 欠ける 欠く",,
507,穴,穴,"ケツ  あな","穴居，墓穴 穴",,
508,血,血,"ケツ  ち","血液，血統，鮮血 血，鼻血",,
509,決,決,"ケツ  きめる  きまる","決裂，決意，解決 決める，取り決め 決まる，決まり",,
510,結,结,"ケツ  むすぶ  ゆう  ゆわえる","結論，結婚，連結 結ぶ，結び 結う，元結 結わえる",,
511,傑,杰,ケツ,傑物，傑作，豪傑,,
512,潔,洁,"ケツ  いさぎよい","潔白，清潔，純潔 潔い",,
513,月,月,"ゲツ  ガツ  つき","月曜，明月，歳月 正月，九月 月，月見，三日月","五月（さつき） 五月雨（さみだれ）",
514,犬,犬,"ケン  いぬ","犬歯，愛犬，野犬 犬",,
515,件,件,ケン,件数，事件，条件,,
516,見,见,"ケン  みる  みえる  みせる","見学，見地，意見 見る，下見 見える 見せる，顔見せ",⇔診る,
517,券,券,ケン,乗車券，旅券，債券,,
518,肩,肩,"ケン  かた","肩章，双肩，比肩 肩",,
519,建,建,"ケン   コン  たてる  たつ","建築，建議，封建的 建立 建てる，建物，二階建て 建つ，一戸建ち","⇔立てる ⇔立つ",
520,研（硏）,研,"ケン  とぐ","研究，研修 研ぐ",,
521,県（縣）,县,ケン,県庁，県立，○○県,,
522,倹（儉）,俭,ケン,倹約，節倹，勤倹,,
523,兼,兼,"ケン  かねる","兼用，兼任，兼職 兼ねる",,
524,剣（劍）,剑,"ケン  つるぎ","剣道，剣舞，刀剣 剣",,
525,拳,拳,"ケン  こぶし","拳銃，拳法 握り拳",,
526,軒,轩,"ケン  のき","軒数，一軒 軒，軒先",,
527,健,健,"ケン  すこやか","健康，健闘，強健 健やかだ",,
528,険（險）,险,"ケン  けわしい","険悪，危険，保険 険しい，険しさ",,
529,圏（圈）,圈,ケン,圏内，圏外，成層圏,,
530,堅,坚,"ケン  かたい","堅固，堅実，中堅 堅い",⇔硬い，固い,
531,検（檢）,检,ケン,検査，検討，点検,,
532,嫌,嫌,"ケン   ゲン  きらう  いや","嫌悪，嫌疑 機嫌 嫌う，嫌い 嫌だ，嫌がる，嫌気がさす",,
533,献（獻）,献,"ケン   コン","献上，献身的，文献 献立，一献",,
534,絹,绢,"ケン  きぬ","絹布，人絹 絹，薄絹",,
535,遣,遣,"ケン  つかう  つかわす","遣外，派遣，分遣 遣う，金遣い 遣わす",⇔使う,
536,権（權）,权,"ケン   ゴン","権利，権威，人権 権化，権現",,
537,憲,宪,ケン,憲法，憲章，官憲,,
538,賢,贤,"ケン  かしこい","賢人，賢明，先賢 賢い",,
539,謙,谦,ケン,謙虚，謙譲,,
540,鍵,键,"ケン  かぎ","鍵盤 鍵，鍵穴",,
541,繭,茧,"ケン  まゆ","繭糸 繭，繭玉",,
542,顕（顯）,显,ケン,顕著，顕彰，顕微鏡,,
543,験（驗）,验,"ケン   ゲン","試験，経験，実験 験がある，霊験",,
544,懸,悬,"ケン   ケ  かける  かかる","懸垂，懸賞，懸命 懸念，懸想 懸ける，命懸け 懸かる","⇔掛ける，架ける，賭ける ⇔掛かる，架かる",
545,元,元,"ゲン  ガン  もと","元素，元気，多元 元祖，元日，元来 元，元帳，家元",⇔下，本，基,
546,幻,幻,"ゲン  まぼろし","幻滅，幻覚，夢幻 幻",,
547,玄,玄,ゲン,玄米，玄関，幽玄,玄人（くろうと）,
548,言,言,"ゲン  ゴン  いう  こと","言行，言論，宣言 言上，伝言，無言 言う，物言い 言葉，寝言",,
549,弦,弦,"ゲン  つる","上弦，正弦 弦",,
550,限,限,"ゲン  かぎる","限度，制限，期限 限る，限り",,
551,原,原,"ゲン  はら","原因，原理，高原 原，野原，松原","海原（うなばら） 河原・川原（かわら）",
552,現,現,"ゲン  あらわれる  あらわす","現象，現在，表現 現れる，現れ 現す","⇔表れる ⇔表す，著す",
553,舷,舷,ゲン,舷側，右舷,,
554,減,减,"ゲン  へる  へらす","減少，増減，加減 減る，目減り 減らす，人減らし",,
555,源,源,"ゲン  みなもと","源泉，水源，資源 源",,
556,厳（嚴）,严,"ゲン   ゴン  おごそか  きびしい","厳格，厳重，威厳 荘厳 厳かだ 厳しい，厳しさ",,
557,己,己,"コ  キ  おのれ","自己，利己 知己，克己 己",,
558,戸,户,"コ  と","戸外，戸籍，下戸 戸，雨戸",,
559,古,古,"コ  ふるい  ふるす","古代，古典，太古 古い，古株，古びる 使い古す",,
560,呼,呼,"コ  よぶ","呼吸，呼応，点呼 呼ぶ，呼び声",,
561,固,固,"コ  かためる  かたまる  かたい","固定，固有，堅固 固める，固め 固まる，固まり 固い，固さ","固唾（かたず） ⇔堅い，硬い",
562,股,股,"コ  また","股間，股関節 内股，大股",,
563,虎,虎,"コ  とら","虎穴，猛虎 虎",,
564,孤,孤,コ,孤児，孤独，孤立,,
565,弧,弧,コ,弧状，括弧，円弧,,
566,故,故,"コ  ゆえ","故郷，故意，事故 故，故に",,
567,枯,枯,"コ  かれる  からす","枯死，枯淡，栄枯 枯れる，枯れ木 枯らす，木枯らし",,
568,個,个,コ,個人，個性，一個,,
569,庫,库,"コ   ク","倉庫，文庫，車庫 庫裏",,
570,湖,湖,"コ  みずうみ","湖水，湖沼，湖畔 湖",,
571,雇,雇,"コ  やとう","雇用，雇員，解雇 雇う，日雇い",,
572,誇,夸,"コ  ほこる","誇示，誇大，誇張 誇る，誇り，誇らしい",,
573,鼓,鼓,"コ  つづみ","鼓動，鼓舞，太鼓 鼓，小鼓",,
574,錮,锢,コ,禁錮,,
575,顧,顾,"コ  かえりみる","顧慮，顧問，回顧 顧みる",⇔省みる,
576,五,五,"ゴ  いつ  いつつ","五穀，五色，五目飯 五日 五つ","五月（さつき） 五月雨（さみだれ）",
577,互,互,"ゴ  たがい","互角，互選，相互 互い，互いに，互い違い",,
578,午,午,ゴ,午前，正午，子午線,,
579,呉,吴,ゴ,呉服，呉越同舟,,
580,後,后,"ゴ  コウ  のち  うしろ  あと  おくれる","後刻，前後，午後 後続，後悔，後輩 後，後添い，後の世 後ろ，後ろめたい 後，後味，後回し 後れる，後れ毛，気後れ","⇔跡，痕 ⇔遅れる",
581,娯,娱,ゴ,娯楽,,
582,悟,悟,"ゴ  さとる","悟性，覚悟，悔悟 悟る，悟り",,
583,碁,基,ゴ,碁石，碁盤，囲碁,,
584,語,语,"ゴ  かたる  かたらう","語学，新語，国語 語る，物語 語らう，語らい",,
585,誤,误,"ゴ  あやまる","誤解，正誤，錯誤 誤る，誤り",,
586,護,护,ゴ,護衛，救護，保護,,
587,口,口,"コウ  ク  くち","口述，人口，開口 口調，口伝，異口同音 口，口絵，出口",,
588,工,工,"コウ  ク","工場，加工，人工 工面，細工，大工",,
589,公,公,"コウ  おおやけ","公平，公私，公園 公",,
590,勾,勾,コウ,勾配，勾留,,
591,孔,孔,コウ,鼻孔，気孔,,
592,功,功,"コウ   ク","功名，功績，成功 功徳",,
593,巧,巧,"コウ  たくみ","巧拙，巧妙，技巧 巧みな術",,
594,広（廣）,广,"コウ  ひろい  ひろまる  ひろめる  ひろがる  ひろげる","広大，広言，広義 広い，広場，広々と 広まる 広める 広がる，広がり 広げる",,
595,甲,甲,"コウ  カン","甲乙，装甲車 甲板，甲高い",「甲板」は，「コウハン」とも。,
596,交,交,"コウ  まじわる  まじえる  まじる  まざる  まぜる  かう  かわす","交通，交番，社交 交わる，交わり 交える 交じる 交ざる 交ぜる，交ぜ織り 飛び交う 交わす","⇔混じる ⇔混ざる ⇔混ぜる",
597,光,光,"コウ  ひかる  ひかり","光線，栄光，観光 光る，光り輝く 光，稲光",,
598,向,向,"コウ  むく  むける  むかう  むこう","向上，傾向，趣向 向く，向き 向ける，顔向け 向かう，向かい 向こう，向こう側",,
599,后,后,コウ,皇后，皇太后,,
600,好,好,"コウ  このむ  すく","好意，好敵手，良好 好む，好み，好ましい 好く，好き嫌い，好きな絵",,
601,江,江,"コウ  え","江湖 入り江",,
602,考,考,"コウ  かんがえる","考慮，思考，参考 考える，考え",,
603,行,行,"コウ  ギョウ   アン  いく  ゆく   おこなう","行進，行為，旅行 行列，行政，修行 行脚，行火 行く 行く，行く末  行う，行い","⇔逝く 行方（ゆくえ） ⇔逝く",
604,坑,坑,コウ,坑道，炭坑，廃坑,,
605,孝,孝,コウ,孝行，孝心，不孝,,
606,抗,抗,コウ,抗争，抗議，対抗,,
607,攻,攻,"コウ  せめる","攻守，攻撃，専攻 攻める",,
608,更,更,"コウ  さら  ふける  ふかす","更新，更迭，変更 更に，今更 更ける，夜更け 更かす，夜更かし",,
609,効（效）,效,"コウ  きく","効果，効力，時効 効く，効き目",⇔利く,
610,幸,幸,"コウ  さいわい  さち  しあわせ","幸福，不幸，行幸 幸い，幸いな事 幸 幸せ，幸せな人",,
611,拘,拘,コウ,拘束，拘留，拘置,,
612,肯,肯,コウ,肯定，首肯,,
613,侯,侯,コウ,諸侯，王侯,,
614,厚,厚,"コウ  あつい","厚情，厚生，濃厚 厚い，厚み",,
615,恒（恆）,恒,コウ,恒常，恒例，恒久,,
616,洪,洪,コウ,洪水，洪積層,,
617,皇,皇,"コウ  オウ","皇帝，皇室，皇后 法皇",「天皇」は，「テンノウ」。,
618,紅,红,"コウ   ク  べに  くれない","紅白，紅茶，紅葉 真紅，深紅 紅，口紅 紅",紅葉（もみじ）,
619,荒,荒,"コウ  あらい  あれる  あらす","荒天，荒廃，荒涼 荒い，荒波，荒々しい 荒れる，荒れ地，大荒れ 荒らす，倉庫荒らし",⇔粗い,
620,郊,郊,コウ,郊外，近郊,,
621,香,香,"コウ   キョウ  か  かおり  かおる","香水，香気，線香 香車 香，色香，移り香 香り 香る","⇔薫り ⇔薫る",
622,候,候,"コウ  そうろう","候補，気候，測候所 候文，居候",,
623,校,校,コウ,校閲，将校，学校,,
624,耕,耕,"コウ  たがやす","耕作，耕地，農耕 耕す",,
625,航,航,コウ,航海，航空，就航,,
626,貢,贡,"コウ   ク  みつぐ","貢献 年貢 貢ぐ，貢ぎ物",,
627,降,降,"コウ  おりる  おろす  ふる","降雨，降参，下降 降りる，乗り降り 降ろす 降る，大降り","⇔下りる ⇔下ろす，卸す",
628,高,高,"コウ  たかい  たか  たかまる  たかめる","高低，高級，最高 高い，高台，高ぶる 高，売上高 高まる，高まり 高める",,
629,康,康,コウ,健康，小康,,
630,控,控,"コウ  ひかえる","控除，控訴 控える，控え",,
631,梗,梗,コウ,心筋梗塞，脳梗塞,,
632,黄（黃）,黄,"コウ  オウ  き   こ","黄葉 黄金，卵黄 黄，黄色い，黄ばむ 黄金",硫黄（いおう）,
633,喉,喉,"コウ  のど","喉頭，咽喉 喉，喉元",,
634,慌,慌,"コウ  あわてる  あわただしい","恐慌 慌てる，大慌て 慌ただしい，慌ただしさ，慌ただしげだ",,
635,港,港,"コウ  みなと","港湾，漁港，出港 港",,
636,硬,硬,"コウ  かたい","硬度，硬貨，生硬 硬い，硬さ",⇔堅い，固い,
637,絞,绞,"コウ  しぼる  しめる  しまる","絞殺，絞首刑 絞る，絞り上げる，絞り 絞める 絞まる","⇔搾る ⇔締める ⇔締まる",
638,項,項,コウ,項目，事項，条項,,
639,溝,沟,"コウ  みぞ","下水溝，排水溝 溝",,
640,鉱（鑛）,矿,コウ,鉱物，鉱山，鉄鉱,,
641,構,构,"コウ  かまえる  かまう","構造，構内，結構 構える，構え 構う，構わない",,
642,綱,纲,"コウ  つな","綱紀，綱領，大綱 綱，横綱",,
643,酵,酵,コウ,酵母,,
644,稿,稿,コウ,草稿，原稿，投稿,,
645,興,兴,"コウ  キョウ  おこる  おこす","興行，復興，振興 興味，興趣，余興 興る 興す","⇔起こる ⇔起こす",
646,衡,衡,コウ,均衡，平衡，度量衡,,
647,鋼,钢,"コウ  はがね","鋼鉄，鋼材，製鋼 鋼",,
648,講,讲,コウ,講義，講演，聴講,,
649,購,购,コウ,購入，購買，購読,,
650,乞,乞,こう,乞う，命乞い,⇔請う,
651,号（號）,号,ゴウ,号令，号外，番号,,
652,合,合,"ゴウ  ガッ   カッ  あう  あわす  あわせる","合同，合計，結合 合併，合宿，合点 合戦 合う，落ち合う，試合 合わす 合わせる，問い合わせる","「合点」は，「ガテン」とも。  ⇔会う，遭う  ⇔併せる",
653,拷,拷,ゴウ,拷問,,
654,剛,刚,ゴウ,剛健，金剛力,,
655,傲,傲,ゴウ,傲然，傲慢,,
656,豪,豪,ゴウ,豪遊，豪雨，文豪,,
657,克,克,コク,克服，克明，克己,,
658,告,告,"コク  つげる","告示，告白，報告 告げる",,
659,谷,谷,"コク  たに","幽谷 谷，谷川",,
660,刻,刻,"コク  きざむ","彫刻，時刻，深刻 刻む，刻み",,
661,国（國）,国,"コク  くに","国際，国家，外国 国，島国",,
662,黒（黑）,黑,"コク  くろ  くろい","黒板，漆黒，暗黒 黒，真っ黒，白黒 黒い，黒さ，腹黒い",,
663,穀（穀）,谷,コク,穀物，雑穀，脱穀,,
664,酷,酷,コク,酷似，冷酷，残酷,,
665,獄,狱,ゴク,獄舎，地獄，疑獄,,
666,骨,骨,"コツ  ほね","骨子，筋骨，老骨 骨，骨折り",,
667,駒,驹,こま,持ち駒,,
668,込,,"こむ  こめる","込む 込める，やり込める",⇔混む,
669,頃,顷,ころ,頃，日頃,,
670,今,今,"コン  キン  いま","今後，今日，今朝，今年，昨今 今上 今，今し方","今日（きょう） 今朝（けさ） 今年（ことし）",
671,困,困,"コン  こまる","困難，困窮，貧困 困る",,
672,昆,昆,コン,昆虫，昆布,「昆布」は，「コブ」とも。,
673,恨,恨,"コン  うらむ  うらめしい","遺恨，痛恨，悔恨 恨む，恨み 恨めしい",,
674,根,根,"コン  ね","根拠，根気，平方根 根，根強い，屋根",,
675,婚,婚,コン,婚約，結婚，新婚,,
676,混,混,"コン  まじる  まざる  まぜる  こむ","混合，混雑，混迷 混じる，混じり物 混ざる 混ぜる，混ぜ物 混む，混み合う，人混み","⇔交じる ⇔交ざる ⇔交ぜる ⇔込む 「混み合う」，「人混み」は，「込み合う」，「人込み」とも書く。",
677,痕,痕,"コン  あと","痕跡，血痕 痕，傷痕",⇔跡，後,
678,紺,绀,コン,紺青，紺屋，濃紺,「紺屋」は，「コウや」とも。,
679,魂,魂,"コン  たましい","魂胆，霊魂，商魂 魂，負けじ魂",,
680,墾,垦,コン,開墾,,
681,懇,恳,"コン  ねんごろ","懇切，懇親会 懇ろだ",,
682,左,左,"サ  ひだり","左右，左翼，左遷 左，左利き",,
683,佐,佐,サ,佐幕，補佐，大佐,,
684,沙,沙,サ,沙汰,,
685,査,査,サ,査察，調査，巡査,,
686,砂,砂,"サ  シャ  すな","砂丘，砂糖 土砂 砂，砂場",砂利（じゃり）,
687,唆,唆,"サ  そそのかす","教唆，示唆 唆す",,
688,差,差,"サ  さす","差異，差別，誤差 差す","差し支える（さしつかえる） ⇔刺す，指す，挿す",
689,詐,诈,サ,詐欺，詐取，詐称,,
690,鎖,锁,"サ  くさり","鎖国，連鎖，封鎖 鎖",,
691,座,座,"ザ  すわる","座席，座談，星座 座る，座り込み",⇔据わる,
692,挫,挫,ザ,挫折，頓挫,,
693,才,才,サイ,才能，才覚，秀才,,
694,再,再,"サイ   サ  ふたたび","再度，再選，再出発 再来年，再来月，再来週 再び",,
695,災,灾,"サイ  わざわい","災害，災難，火災 災い",,
696,妻,妻,"サイ  つま","妻子，夫妻，良妻 妻，人妻",,
697,采,采,サイ,采配，喝采,,
698,砕（碎）,碎,"サイ  くだく  くだける","砕石，砕氷，粉砕 砕く 砕ける",,
699,宰,宰,サイ,宰領，宰相，主宰,,
700,栽,栽,サイ,栽培，盆栽,,
701,彩,彩,"サイ  いろどる","彩色，色彩，淡彩 彩る，彩り",,
702,採,采,"サイ  とる","採集，採用，採光 採る",⇔取る，執る，捕る,
703,済（濟）,济,"サイ  すむ  すます","返済，救済，経済 済む，使用済み 済ます",,
704,祭,祭,"サイ  まつる  まつり","祭礼，文化祭 祭る，祭り上げる 祭り，秋祭り",,
705,斎（齋）,斋,サイ,斎場，潔斎，書斎,,
706,細,细,"サイ  ほそい  ほそる  こまか  こまかい","細心，詳細，零細 細い，細腕，心細い 細る 細かだ 細かい",,
707,菜,菜,"サイ  な","菜園，菜食，野菜 菜，青菜",,
708,最,最,"サイ  もっとも","最大，最近，最先端 最も",最寄り（もより）,
709,裁,裁,"サイ  たつ  さばく","裁縫，裁判，体裁 裁つ，裁ち物 裁く，裁き",⇔断つ，絶つ,
710,債,债,サイ,債務，負債，公債,,
711,催,催,"サイ  もよおす","催眠，開催，主催 催す，催し",,
712,塞,塞,"サイ  ソク  ふさぐ  ふさがる","要塞 脳梗塞，閉塞 塞ぐ 塞がる",,
713,歳,岁,"サイ   セイ","歳末，歳月，二十歳 歳暮",二十歳（はたち）,
714,載,载,"サイ  のせる  のる","積載，掲載，記載 載せる 載る","⇔乗せる ⇔乗る",
715,際,際,"サイ  きわ","際限，交際，この際 際，際立つ，窓際",,
716,埼,埼,さい,,埼玉県,
717,在,在,"ザイ  ある","在留，在宅，存在 在る，在りし日",⇔有る,
718,材,材,ザイ,材木，材料，人材,,
719,剤（劑）,剂,ザイ,薬剤師，錠剤，消化剤,,
720,財,财,"ザイ   サイ","財産，私財，文化財 財布",,
721,罪,罪,"ザイ  つみ","罪状，犯罪，謝罪 罪",,
722,崎,崎,さき,○○崎,,
723,作,作,"サク  サ  つくる","作為，著作，豊作 作業，作用，動作 作る",⇔造る，創る,
724,削,削,"サク  けずる","削除，削減，添削 削る",,
725,昨,昨,サク,昨日，昨年，一昨日,昨日（きのう）,
726,柵,栅,サク,鉄柵,,
727,索,索,サク,索引，思索，鉄索,,
728,策,策,サク,策略，政策，対策,,
729,酢,酢,"サク  す","酢酸 酢，酢の物",,
730,搾,搾,"サク  しぼる","搾取，圧搾 搾る",⇔絞る,
731,錯,错,サク,錯誤，錯覚，交錯,,
732,咲,,さく,咲く，遅咲き,,
733,冊,册,"サツ  サク","冊子，別冊 短冊",,
734,札,札,"サツ  ふだ","札入れ，表札，入札 札，名札",,
735,刷,刷,"サツ  する","刷新，印刷，増刷 刷る",,
736,刹,刹,"サツ  セツ","古刹，名刹 刹那",,
737,拶,,サツ,挨拶,,
738,殺（殺）,杀,"サツ   サイ   セツ  ころす","殺人，殺到，黙殺 相殺 殺生 殺す，殺し，見殺し",,
739,察,察,サツ,察知，観察，考察,,
740,撮,撮,"サツ  とる","撮影 撮る",,
741,擦,擦,"サツ  する  すれる","擦過傷，摩擦 擦る，擦り傷 擦れる，靴擦れ",,
742,雑（雜）,杂,"ザツ  ゾウ","雑談，雑音，混雑 雑炊，雑木林，雑兵",雑魚（ざこ）,
743,皿,皿,さら,皿，灰皿,,
744,三,三,"サン  み  みつ  みっつ","三角，三流，再三 三日月，三日（みっか） 三つ指 三つ",三味線（しゃみせん）,
745,山,山,"サン  やま","山脈，高山，登山 山","山車（だし） 築山（つきやま）",
746,参（參）,参,"サン  まいる","参加，参万円，降参 参る，寺参り",,
747,桟（棧）,栈,サン,桟，桟橋,桟敷（さじき）,
748,蚕（蠶）,蚕,"サン  かいこ","蚕糸，蚕食，養蚕 蚕",,
749,惨（慘）,惨,"サン  ザン  みじめ","惨劇，悲惨，陰惨 惨死，惨殺 惨めだ",,
750,産,产,"サン  うむ  うまれる  うぶ","産業，生産，出産 産む，産み月 産まれる 産湯，産着，産毛","土産（みやげ） ⇔生む ⇔生まれる",
751,傘,伞,"サン  かさ","傘下，落下傘 傘，雨傘，日傘",,
752,散,散,"サン  ちる  ちらす  ちらかす  ちらかる","散歩，散文，解散 散る，散り散りに 散らす 散らかす 散らかる",,
753,算,算,サン,算数，計算，予算,,
754,酸,酸,"サン  すい","酸味，酸素，辛酸 酸い，酸っぱい",,
755,賛（贊）,赞,サン,賛成，賛同，称賛,,
756,残（殘）,残,"ザン  のこる  のこす","残留，残念，敗残 残る，残り 残す，食べ残し",名残（なごり）,
757,斬,斩,"ザン  きる","斬殺，斬新 斬る",⇔切る,
758,暫,暂,ザン,暫時，暫定,,
759,士,士,シ,士官，武士，紳士,"海士（あま） 居士（こじ） 博士（はかせ）",
760,子,子,"シ  ス  こ","子孫，女子，帽子 金子，扇子，様子 子，親子，年子","迷子（まいご） 息子（むすこ）",
761,支,支,"シ  ささえる","支持，支障，支店 支える，支え",差し支える（さしつかえる）,
762,止,止,"シ  とまる  とめる","止宿，静止，中止 止まる，行き止まり 止める，歯止め","波止場（はとば） ⇔留まる，泊まる ⇔留める，泊める",
763,氏,氏,"シ  うじ","氏名，姓氏，某氏 氏，氏神",,
764,仕,仕,"シ   ジ  つかえる","仕事，出仕 給仕 仕える",,
765,史,史,シ,史学，歴史，国史,,
766,司,司,シ,司会，司令，上司,,
767,四,四,"シ  よ  よつ  よっつ  よん","四角，四季，四十七士 四人，四日（よっか），四月目 四つ角 四つ 四回，四階",,
768,市,市,"シ  いち","市民，市況，都市 市，競り市",,
769,矢,矢,"シ  や","一矢を報いる 矢，矢印，矢面",,
770,旨,旨,"シ  むね","要旨，趣旨，本旨 旨",,
771,死,死,"シ  しぬ","死亡，死角，必死 死ぬ，死に絶える",,
772,糸（絲）,丝,"シ  いと","綿糸，蚕糸，製糸 糸，糸目，毛糸",,
773,至,至,"シ  いたる","至当，夏至，冬至 至る，至って〔副〕",,
774,伺,伺,"シ  うかがう","伺候 伺う，伺い",,
775,志,志,"シ  こころざす  こころざし","志望，有志，寸志 志す 志",,
776,私,私,"シ  わたくし  わたし","私立，私腹，公私 私，私する 私",,
777,使,使,"シ  つかう","使役，使者，駆使 使う，使い",⇔遣う,
778,刺,刺,"シ  さす  ささる","刺激，名刺，風刺 刺す，刺し殺す 刺さる",⇔差す，指す，挿す,
779,始,始,"シ  はじめる  はじまる","始終，年始，開始 始める，始め 始まる，始まり",⇔初め，初めて,
780,姉,姉,"シ  あね","姉妹，諸姉 姉，姉上",姉（ねえ）さん,
781,枝,枝,"シ  えだ","枝葉 枝",,
782,祉（祉）,祉,シ,福祉,,
783,肢,肢,シ,肢体，下肢，選択肢,,
784,姿,姿,"シ  すがた","姿勢，容姿，雄姿 姿",,
785,思,思,"シ  おもう","思想，意思，相思 思う，思い，思わしい",,
786,指,指,"シ  ゆび  さす","指示，指導，屈指 指，指先 指す，指図，名指し",⇔差す，刺す，挿す,
787,施,施,"シ  セ  ほどこす","施設，施政，実施 施主，施療，布施 施す，施し",,
788,師,師,シ,師匠，教師，医師,師走（しわす）,
789,恣,恣,シ,恣意的,＊［（付）第２の３参照］,
790,紙,纸,"シ  かみ","紙面，用紙，新聞紙 紙，紙くず，厚紙",,
791,脂,脂,"シ  あぶら","脂肪，油脂，樹脂 脂，脂ぎる",⇔油,
792,視（視）,视,シ,視覚，視力，注視,,
793,紫,紫,"シ  むらさき","紫紺，紫煙，紫外線 紫，紫色",,
794,詞,词,シ,歌詞，作詞，品詞,祝詞（のりと）,
795,歯（齒）,齿,"シ  は","歯科，乳歯，義歯 歯，入れ歯",,
796,嗣,嗣,シ,嗣子，嫡嗣,,
797,試,试,"シ  こころみる  ためす","試験，試作，追試 試みる，試み 試す，試し",,
798,詩,诗,シ,詩情，詩人，詩歌,「詩歌」は，「シイカ」とも。,
799,資,资,シ,資本，資格，物資,,
800,飼,饲,"シ  かう","飼育，飼料 飼う",,
801,誌,志,シ,誌面，日誌，雑誌,,
802,雌,雌,"シ  め  めす","雌雄，雌伏 雌花，雌牛，雌しべ 雌，雌犬",,
803,摯,挚,シ,真摯,,
804,賜,赐,"シ  たまわる","賜暇，下賜，恩賜 賜る",,
805,諮,咨,"シ  はかる","諮問 諮る",,
806,示,示,"ジ  シ  しめす","示威，示談，指示 示唆 示す，示し",,
807,字,字,"ジ  あざ","字画，文字，活字 字，大字",,
808,寺,寺,"ジ  てら","寺院，社寺，末寺 寺，尼寺",,
809,次,次,"ジ  シ  つぐ  つぎ","次回，次元，目次 次第 次ぐ，次いで〔副〕 次，次に，次々と",⇔継ぐ,
810,耳,耳,"ジ  みみ","耳鼻科，中耳炎 耳，早耳",,
811,自,自,"ジ  シ  みずから","自分，自由，各自 自然 自ら",,
812,似,似,"ジ  にる","類似，酷似，疑似 似る，似顔",,
813,児（兒）,儿,"ジ   ニ","児童，幼児，優良児 小児科","稚児（ちご） 鹿児島（かごしま）県",
814,事,事,"ジ   ズ  こと","事物，無事，師事 好事家 事，仕事，出来事",,
815,侍,侍,"ジ  さむらい","侍従，侍女，侍医 侍",,
816,治,治,"ジ  チ  おさめる  おさまる  なおる  なおす","政治，療治 治安，治水，自治 治める 治まる 治る 治す","⇔修める ⇔修まる ⇔直る ⇔直す",
817,持,持,"ジ  もつ","持参，持続，支持 持つ",,
818,時,时,"ジ  とき","時間，時候，当時 時，時めく，時々","時雨（しぐれ） 時計（とけい）",
819,滋,滋,ジ,滋味，滋養,滋賀（しが）県,
820,慈,慈,"ジ  いつくしむ","慈愛，慈善，慈悲 慈しむ，慈しみ",,
821,辞（辭）,辞,"ジ  やめる","辞書，辞職，式辞 辞める",,
822,磁,磁,ジ,磁石，磁気，陶磁器,,
823,餌［餌］,饵,"ジ  えさ  え","好餌，食餌 餌 餌食","［餌］＝許容字体， ＊［（付）第２の３参照］",
824,璽,玺,ジ,御璽，国璽,,
825,鹿,鹿,"しか   か","鹿 鹿の子",,
826,式,式,シキ,式典，形式，数式,,
827,識,识,シキ,識別，意識，知識,,
828,軸,轴,ジク,軸，車軸，地軸,,
829,七,七,"シチ  なな  ななつ   なの","七五三，七福神 七月目 七つ 七日","七夕（たなばた）   「七日」は，「なぬか」とも。",
830,𠮟,𠮟,"シツ  しかる","𠮟責 𠮟る",,
831,失,失,"シツ  うしなう","失望，失敗，消失 失う",,
832,室,室,"シツ  むろ","室内，皇室，居室 室，室咲き",,
833,疾,疾,シツ,疾患，疾走，悪疾,,
834,執,执,"シツ  シュウ  とる","執務，執筆，確執 執念，執心，我執 執る",⇔取る，採る,
835,湿（濕）,湿,"シツ  しめる  しめす","湿度，湿地，多湿 湿る，湿り 湿す",,
836,嫉,嫉,シツ,嫉妬,,
837,漆,漆,"シツ  うるし","漆器，漆黒，乾漆 漆",,
838,質,质,"シツ  シチ   チ","質問，質実，本質 質屋，人質 言質",,
839,実（實）,实,"ジツ  み  みのる","実力，充実，実に 実，実入り 実る，実り",,
840,芝,芝,しば,芝，芝居,芝生（しばふ）,
841,写（寫）,写,"シャ  うつす  うつる","写真，描写，映写 写す，写し 写る，写り","⇔映す ⇔映る",
842,社（社）,社,"シャ  やしろ","社会，会社，神社 社",,
843,車,车,"シャ  くるま","車輪，車庫，電車 車，歯車",山車（だし）,
844,舎,舍,シャ,舎監，校舎，寄宿舎,田舎（いなか）,
845,者（者）,者,"シャ  もの","医者，前者，第三者 者，若者",猛者（もさ）,
846,射,射,"シャ  いる","射撃，発射，日射病 射る",,
847,捨,舍,"シャ  すてる","捨象，取捨，喜捨 捨てる，捨て子",,
848,赦,赦,シャ,赦免，大赦，恩赦,,
849,斜,斜,"シャ  ななめ","斜面，斜線，傾斜 斜め",,
850,煮（煮）,煮,"シャ  にる  にえる  にやす","煮沸 煮る，雑煮 煮える，生煮え 業を煮やす",,
851,遮,遮,"シャ  さえぎる","遮断 遮る",,
852,謝,谢,"シャ  あやまる","謝絶，感謝，陳謝 謝る，平謝り",,
853,邪,邪,ジャ,邪悪，邪推，正邪,風邪（かぜ）,
854,蛇,蛇,"ジャ  ダ  へび","蛇の目，蛇腹，大蛇 蛇行，蛇足，長蛇 蛇",,
855,尺,尺,シャク,尺度，尺貫法,,
856,借,借,"シャク  かりる","借用，借金，貸借 借りる，借り",,
857,酌,酌,"シャク  くむ","酌量，晩酌 酌む，酌み交わす",,
858,釈（釋）,释,シャク,釈明，釈放，解釈,,
859,爵,爵,シャク,爵位,,
860,若,若,"ジャク   ニャク  わかい  もしくは","若年，若干，自若 老若 若い，若者，若々しい 若しくは","「老若」は，「ロウジャク」とも。 若人（わこうど）",
861,弱,弱,"ジャク  よわい  よわる  よわまる  よわめる","弱点，弱小，強弱 弱い，弱虫，足弱 弱る 弱まる 弱める",,
862,寂,寂,"ジャク   セキ  さび  さびしい  さびれる","寂滅，静寂，閑寂 寂然，寂として 寂 寂しい，寂しがる 寂れる",「寂然」は，「ジャクネン」とも。,
863,手,手,"シュ  て   た","手腕，挙手，選手 手，手柄，素手 手綱，手繰る","上手（じょうず） 下手（へた） 手伝（てつだ）う",
864,主,主,"シュ   ス  ぬし  おも","主人，主権，施主 法主，坊主 主，地主 主な人々",「法主（ホッス）」は，「ホウシュ」，「ホッシュ」とも。,
865,守,守,"シュ   ス  まもる  もり","守備，保守，攻守 留守 守る，守り お守り，子守，灯台守",,
866,朱,朱,シュ,朱肉，朱筆，朱塗り,,
867,取,取,"シュ  とる","取捨，取材，聴取 取る",⇔採る，執る，捕る,
868,狩,狩,"シュ  かる  かり","狩猟 狩る，狩り込み 狩り，ぶどう狩り",,
869,首,首,"シュ  くび","首尾，首席，自首 首，首飾り",,
870,殊,殊,"シュ  こと","殊勝，殊勲，特殊 殊に，殊の外，殊更",,
871,珠,珠,シュ,珠玉，珠算，真珠,数珠（じゅず）,
872,酒,酒,"シュ  さけ   さか","酒宴，飲酒，洋酒 酒，酒好き，甘酒 酒屋，酒場，酒盛り",お神酒（みき）,
873,腫,肿,"シュ  はれる  はらす","腫瘍 腫れる，腫れ 腫らす",,
874,種,种,"シュ  たね","種類，人種，品種 種，菜種，一粒種",,
875,趣,趣,"シュ  おもむき","趣向，趣味，興趣 趣",,
876,寿（壽）,寿,"ジュ  ことぶき","寿命，長寿，米寿 寿",,
877,受,受,"ジュ  うける  うかる","受諾，受験，甘受 受ける，受付 受かる",⇔請ける,
878,呪,呪,"ジュ  のろう","呪縛，呪文 呪う",,
879,授,授,"ジュ  さずける  さずかる","授与，伝授，教授 授ける 授かる",,
880,需,需,ジュ,需要，需給，必需品,,
881,儒,儒,ジュ,儒学，儒教，儒者,,
882,樹,树,ジュ,樹木，樹立，街路樹,,
883,収（收）,收,"シュウ  おさめる  おさまる","収穫，収入，回収 収める 収まる","⇔納める ⇔納まる",
884,囚,囚,シュウ,囚人，死刑囚,,
885,州,州,"シュウ  す","州議会，六大州 州，中州，三角州",,
886,舟,舟,"シュウ  ふね   ふな","舟運，舟艇，舟航 舟，小舟，渡し舟 舟遊び，舟宿，舟歌",⇔船,
887,秀,秀,"シュウ  ひいでる","秀逸，秀才，優秀 秀でる",,
888,周,周,"シュウ  まわり","周知，周囲，円周 周り",⇔回り,
889,宗,宗,"シュウ  ソウ","宗教，宗派，改宗 宗家，宗匠",,
890,拾,拾,"シュウ  ジュウ  ひろう","拾得，収拾 拾万円 拾う，拾い物",,
891,秋,秋,"シュウ  あき","秋季，秋分，晩秋 秋",,
892,臭（臭）,臭,"シュウ  くさい  におう","臭気，悪臭，俗臭 臭い，臭み，臭さ 臭う，臭い",⇔匂う,
893,修,修,"シュウ   シュ  おさめる  おさまる","修飾，修養，改修 修行 修める 修まる","⇔治める ⇔治まる",
894,袖,袖,"シュウ  そで","領袖 袖，半袖",,
895,終,终,"シュウ  おわる  おえる","終了，終日，最終 終わる，終わり 終える",,
896,羞,羞,シュウ,羞恥心,,
897,習,习,"シュウ  ならう","習得，習慣，練習 習う，手習い",⇔倣う,
898,週,周,シュウ,週刊，週末，毎週,,
899,就,就,"シュウ   ジュ  つく  つける","就任，就寝，去就 成就 就く 就ける","⇔着く，付く ⇔着ける，付ける",
900,衆,众,"シュウ   シュ","衆寡，民衆，聴衆 衆生",,
901,集,集,"シュウ  あつまる  あつめる  つどう","集合，集結，全集 集まる，集まり 集める，人集め 集う，集い",,
902,愁,愁,"シュウ  うれえる  うれい","愁傷，哀愁，憂愁 愁える 愁い","⇔憂える ⇔憂い",
903,酬,酬,シュウ,報酬，応酬,,
904,醜,丑,"シュウ  みにくい","醜悪，醜態，美醜 醜い，醜さ",,
905,蹴,蹴,"シュウ  ける","一蹴 蹴る，蹴散らす",,
906,襲,袭,"シュウ  おそう","襲撃，襲名，世襲 襲う",,
907,十,十,"ジュウ    ジッ  とお  と","十字架，十文字   十回 十，十日 十色，十重","十重二十重（とえはたえ） 二十・二十歳（はたち） 二十日（はつか） 「ジュッ」とも。",
908,汁,汁,"ジュウ  しる","果汁，墨汁 汁，汁粉",,
909,充,充,"ジュウ  あてる","充実，充電，補充 充てる",⇔当てる，宛てる,
910,住,住,"ジュウ  すむ  すまう","住所，安住，衣食住 住む 住まう，住まい",,
911,柔,柔,"ジュウ  ニュウ  やわらか  やわらかい","柔軟，柔道，懐柔 柔和，柔弱 柔らかだ 柔らかい","⇔軟らか ⇔軟らかい",
912,重,重,"ジュウ  チョウ  え  おもい  かさねる  かさなる","重量，重大，二重 重畳，慎重，貴重 一重，八重桜 重い，重たい 重ねる，重ね着 重なる",十重二十重（とえはたえ）,
913,従（從）,从,"ジュウ   ショウ   ジュ  したがう  したがえる","従事，従順，服従 従容 従○位 従う 従える",,
914,渋（澁）,涩,"ジュウ  しぶ  しぶい  しぶる","渋滞，苦渋 渋，渋紙 渋い，渋さ，渋み 渋る",,
915,銃,铳,ジュウ,銃砲，銃弾，小銃,,
916,獣（獸）,兽,"ジュウ  けもの","獣類，猛獣，鳥獣 獣",,
917,縦（縱）,纵,"ジュウ  たて","縦横，縦断，操縦 縦",,
918,叔,叔,シュク,伯叔,"叔父（おじ） 叔母（おば）",
919,祝（祝）,祝,"シュク   シュウ  いわう","祝賀，祝日，慶祝 祝儀，祝言 祝う",祝詞（のりと）,
920,宿,宿,"シュク  やど  やどる  やどす","宿泊，宿題，合宿 宿，宿屋 宿る，雨宿り 宿す",,
921,淑,淑,シュク,淑女，貞淑，私淑,,
922,粛（肅）,肃,シュク,粛清，静粛，自粛,,
923,縮,缩,"シュク  ちぢむ  ちぢまる  ちぢめる  ちぢれる  ちぢらす","縮小，縮図，短縮 縮む，伸び縮み 縮まる 縮める 縮れる，縮れ毛 縮らす",,
924,塾,塾,ジュク,塾，私塾,,
925,熟,熟,"ジュク  うれる","熟練，熟慮，成熟 熟れる",,
926,出,出,"シュツ   スイ  でる  だす","出入，出現，提出 出納 出る，出窓，遠出 出す",,
927,述,述,"ジュツ  のべる","叙述，陳述，著述 述べる",,
928,術,术,ジュツ,術策，技術，芸術,,
929,俊,俊,シュン,俊敏，俊秀，俊才,,
930,春,春,"シュン  はる","春季，立春，青春 春，春めく",,
931,瞬,瞬,"シュン  またたく","瞬間，瞬時，一瞬 瞬く，瞬き",,
932,旬,旬,"ジュン   シュン","旬刊，上旬 旬，旬の野菜",,
933,巡,巡,"ジュン  めぐる","巡回，巡業，一巡 巡る，巡り歩く",お巡（まわ）りさん,
934,盾,盾,"ジュン  たて","矛盾 盾，後ろ盾",,
935,准,准,ジュン,准将，批准,,
936,殉,殉,ジュン,殉死，殉職，殉難,,
937,純,纯,ジュン,純真，純粋，不純,,
938,循,循,ジュン,循環，因循,,
939,順,順,ジュン,順序，順調，従順,,
940,準,准,ジュン,準備，基準，標準,,
941,潤,润,"ジュン  うるおう  うるおす  うるむ","潤色，潤沢，湿潤 潤う，潤い 潤す 潤む",,
942,遵,遵,ジュン,遵守，遵法,,
943,処（處）,处,ショ,処置，処罰，処女,,
944,初,初,"ショ  はじめ  はじめて  はつ  うい  そめる","初期，初心者，最初 初め 初めて〔副〕 初の受賞，初雪，初耳 初陣，初々しい 書き初め，出初め式",⇔始め,
945,所,所,"ショ  ところ","所得，住所，近所 所，台所",,
946,書,书,"ショ  かく","書画，書籍，読書 書く",⇔描く,
947,庶,庶,ショ,庶民，庶務,,
948,暑（暑）,暑,"ショ  あつい","暑気，残暑，避暑 暑い，暑さ",⇔熱い,
949,署（署）,署,ショ,署名，署長，警察署,,
950,緒（緖）,绪,"ショ   チョ  お","緒戦，由緒，端緒 情緒 緒，鼻緒",「情緒」は，「ジョウショ」とも。,
951,諸（諸）,诸,ショ,諸君，諸国，諸般,,
952,女,女,"ジョ  ニョ   ニョウ  おんな  め","女子，女流，少女 女人，天女，善男善女 女房 女，女心，女らしい 女神，女々しい","海女（あま）    乙女（おとめ）",
953,如,如,"ジョ  ニョ","欠如，突如，躍如 如実，如来，不如意",,
954,助,助,"ジョ  たすける  たすかる  すけ","助力，助監督，救助 助ける，助け 助かる，大助かり 助太刀",,
955,序,序,ジョ,序幕，順序，秩序,,
956,叙（敍）,叙,ジョ,叙述，叙景，叙勲,,
957,徐,徐,ジョ,徐行，徐々に,,
958,除,除,"ジョ   ジ  のぞく","除外，除数，解除 掃除 除く",,
959,小,小,"ショウ  ちいさい  こ  お","小心，大小，縮小 小さい，小さな 小型，小鳥，小切手 小川，小暗い",小豆（あずき）,
960,升,升,"ショウ  ます",升，升目,,
961,少,少,"ショウ  すくない  すこし","少年，多少，減少 少ない 少し",,
962,召,召,"ショウ  めす","召喚，国会の召集 召す，召し上がる",,
963,匠,匠,ショウ,師匠，巨匠，意匠,,
964,床,床,"ショウ  とこ  ゆか","起床，病床，温床 床，床の間，寝床 床，床下",,
965,抄,抄,ショウ,抄録，抄本，抄訳,,
966,肖,肖,ショウ,肖像，不肖,,
967,尚,尚,ショウ,尚早，高尚,,
968,招,招,"ショウ  まねく","招待，招致，招請 招く，招き",,
969,承,承,"ショウ  うけたまわる","承知，承諾，継承 承る",,
970,昇,昇,"ショウ  のぼる","昇降，昇進，上昇 昇る",⇔上る，登る,
971,松,松,"ショウ  まつ","松竹梅，白砂青松 松，松原，門松",,
972,沼,沼,"ショウ  ぬま","沼沢，湖沼 沼，沼地",,
973,昭,昭,ショウ,昭和,,
974,宵,宵,"ショウ  よい","徹宵 宵",,
975,将（將）,将,ショウ,将来，将棋，大将,,
976,消,消,"ショウ  きえる  けす","消滅，消極的，費消 消える，立ち消え 消す，消しゴム",,
977,症,症,ショウ,症状，炎症，重症,,
978,祥（祥）,祥,ショウ,発祥，吉祥，不祥事,,
979,称（稱）,称,ショウ,称賛，名称，称する,,
980,笑,笑,"ショウ  わらう  えむ","笑覧，微笑，談笑 笑う，大笑い ほくそ笑む，笑み",笑顔（えがお）,
981,唱,唱,"ショウ  となえる","唱歌，合唱，提唱 唱える",,
982,商,商,"ショウ  あきなう","商売，商業，貿易商 商う，商い",,
983,渉（涉）,涉,ショウ,渉外，干渉，交渉,,
984,章,章,ショウ,憲章，勲章，文章,,
985,紹,绍,ショウ,紹介,,
986,訟,讼,ショウ,訴訟,,
987,勝,胜,"ショウ  かつ  まさる","勝敗，優勝，名勝 勝つ，勝ち，勝手 勝る，男勝り",,
988,掌,掌,ショウ,掌中，職掌，車掌,,
989,晶,晶,ショウ,結晶，水晶,,
990,焼（燒）,烧,"ショウ  やく  やける","焼却，燃焼，全焼 焼く，炭焼き 焼ける，夕焼け",,
991,焦,焦,"ショウ  こげる  こがす  こがれる  あせる","焦土，焦慮，焦心 焦げる，黒焦げ 焦がす 焦がれる 焦る，焦り",,
992,硝,硝,ショウ,硝石，硝酸,,
993,粧,妆,ショウ,化粧,,
994,詔,诏,"ショウ  みことのり","詔勅，詔書 詔",,
995,証（證）,证,ショウ,証拠，証明，免許証,,
996,象,象,"ショウ  ゾウ","象徴，対象，現象 象眼，巨象",,
997,傷,伤,"ショウ  きず  いたむ  いためる","傷害，負傷，感傷 傷，古傷，傷つく 傷む 傷める","⇔痛む，悼む ⇔痛める",
998,奨（奬）,奖,ショウ,奨励，奨学金，推奨,,
999,照,照,"ショウ てる てらす てれる","照明，照会，対照的照る，日照り照らす照れる",,
1000,詳,詳,"ショウ くわしい","詳細，詳報，未詳詳しい，詳しさ",,
1001,彰,彰,ショウ,表彰，顕彰,,
1002,障,障,"ショウ さわる","障害，障子，故障障る，差し障り",,
1003,憧,憧,"ショウ あこがれる","憧憬憧れる，憧れ",「憧憬」は，「ドウケイ」とも。,
1004,衝,衝,ショウ,衝突，衝動，折衝,,
1005,賞,賞,ショウ,賞罰，賞与，懸賞,,
1006,償,償,"ショウ つぐなう","償金，弁償，代償償う，償い",,
1007,礁,礁,ショウ,岩礁，暗礁，さんご礁,,
1008,鐘,鐘,"ショウ かね","半鐘，警鐘鐘",,
1009,上,上,"ジョウ  ショウ うえ  うわ かみ あげる あがる のぼる のぼせる のぼす","上旬，上昇，地上上人，身上を潰す上，身の上上着，上積み上，川上上げる，売り上げ上がる，上がり上る，上り上せる上す","上手（じょうず）「身上」は，「シンショウ」と「シンジョウ」とで，意味が違う。⇔揚げる，挙げる⇔揚がる，挙がる⇔昇る，登る",
1010,丈,丈,"ジョウ たけ","丈六，丈夫な体丈，背丈",,
1011,冗,冗,ジョウ,冗談，冗長，冗費,,
1012,条（條）,条（條）,ジョウ,条理，条約，箇条,,
1013,状（狀）,状（狀）,ジョウ,状態，白状，免状,,
1014,乗（乘）,乗（乘）,"ジョウ のる のせる","乗数，乗車，大乗的乗る，乗り物乗せる","⇔載る⇔載せる",
1015,城,城,"ジョウ しろ","城内，城下町，落城城，城跡",茨城（いばらき）県，宮城（みやぎ）県,
1016,浄（淨）,浄（淨）,ジョウ,浄化，清浄，不浄,,
1017,剰（剩）,剰（剩）,ジョウ,剰余，過剰，余剰,,
1018,常,常,"ジョウ つね とこ","常備，日常，非常常，常に，常々常夏",,
1019,情,情,"ジョウ  セイ なさけ","情報，情熱，人情風情情け",,
1020,場,場,"ジョウ ば","場内，会場，入場場，場所，広場",,
1021,畳（疊）,畳（疊）,"ジョウ たたむ たたみ","畳語，重畳畳む，折り畳み畳，畳表，青畳",,
1022,蒸,蒸,"ジョウ むす むれる むらす","蒸気，蒸発蒸す，蒸し暑い蒸れる蒸らす",,
1023,縄（繩）,縄（繩）,"ジョウ なわ","縄文，自縄自縛縄，縄張",,
1024,壌（壤）,壌（壤）,ジョウ,土壌,,
1025,嬢（孃）,嬢（孃）,ジョウ,令嬢，愛嬢，お嬢さん,,
1026,錠,錠,ジョウ,錠前，錠剤，手錠,,
1027,譲（讓）,譲（讓）,"ジョウ ゆずる","譲渡，譲歩，謙譲譲る，親譲り",,
1028,醸（釀）,醸（釀）,"ジョウ かもす","醸造，醸成醸す，醸し出す",,
1029,色,色,"ショク シキ いろ","原色，特色，物色色彩，色調，色欲色，桜色，色づく",景色（けしき）,
1030,拭,拭,"ショク ふく ぬぐう","払拭拭く拭う",,
1031,食,食,"ショク  ジキ くう くらう たべる","食事，食料，会食断食食う，食い物食らう食べる，食べ物",,
1032,植,植,"ショク うえる うわる","植樹，植物，誤植植える，植木植わる",,
1033,殖,殖,"ショク ふえる ふやす","生殖，利殖，学殖殖える殖やす","⇔増える⇔増やす",
1034,飾,飾,"ショク かざる","装飾，修飾，服飾飾る，飾り",,
1035,触（觸）,触（觸）,"ショク ふれる さわる","触媒，触発，接触触れる触る",,
1036,嘱（囑）,嘱（囑）,ショク,嘱託，委嘱,,
1037,織,織,"ショク シキ おる","織機，染織，紡織組織織る，織物",,
1038,職,職,ショク,職業，職務，就職,,
1039,辱,辱,"ジョク はずかしめる","恥辱，雪辱，屈辱辱める，辱め",,
1040,尻,尻,しり,尻，尻込み，目尻,尻尾（しっぽ）,
1041,心,心,"シン こころ","心身，感心，中心心，心得る，親心",心地（ここち）,
1042,申,申,"シン もうす","申告，申請，内申書申す，申し上げる",,
1043,伸,伸,"シン のびる のばす のべる","伸縮，屈伸，追伸伸びる，背伸び伸ばす伸べる","⇔延びる⇔延ばす⇔延べる",
1044,臣,臣,"シン ジン","臣下，君臣大臣",,
1045,芯,芯,シン,芯,,
1046,身,身,"シン み","身体，単身，等身大身，身内，親身",,
1047,辛,辛,"シン からい","辛苦，辛酸，香辛料辛い，辛み，辛うじて",,
1048,侵,侵,"シン おかす","侵入，侵害，不可侵侵す",⇔犯す，冒す,
1049,信,信,シン,信用，信頼，通信,,
1050,津,津,"シン つ","興味津々津波，津々浦々",,
1051,神（神）,神（神）,"シン ジン かみ  かん  こう","神聖，神経，精神神社，神宮，神通力神，神様，貧乏神神主神々しい","お神酒（みき）神楽（かぐら）神奈川（かながわ）県",
1052,唇,唇,"シン くちびる","口唇唇",,
1053,娠,娠,シン,妊娠,,
1054,振,振,"シン ふる ふるう ふれる","振動，振興，不振振る，振り振るう振れる",⇔奮う，震う,
1055,浸,浸,"シン ひたす ひたる","浸水，浸透浸す，水浸し浸る",,
1056,真（眞）,真（眞）,"シン ま","真偽，写真，純真真南，真新しい，真っ先，真ん中","真面目（まじめ）真っ赤（まっか）真っ青（まっさお）",
1057,針,針,"シン はり","針路，運針，秒針針，針金",,
1058,深,深,"シン ふかい ふかまる ふかめる","深山，深夜，水深深い，深入り，深み深まる深める",,
1059,紳,紳,シン,紳士,,
1060,進,進,"シン すすむ すすめる","進級，進言，前進進む，進み進める",⇔勧める，薦める,
1061,森,森,"シン もり","森林，森閑，森厳森",,
1062,診,診,"シン みる","診察，診療，往診診る",⇔見る,
1063,寝（寢）,寝（寢）,"シン ねる ねかす","寝室，寝具，就寝寝る，寝入る，昼寝寝かす",,
1064,慎（愼）,慎（愼）,"シン つつしむ","慎重，謹慎慎む，慎み",⇔謹む,
1065,新,新,"シン あたらしい あらた にい","新旧，新聞，革新新しい，新しさ，新しがる新ただ新妻，新盆",,
1066,審,審,シン,審判，審議，不審,,
1067,震,震,"シン ふるう ふるえる","震動，震災，地震震う，身震い震える，震え",⇔奮う，振るう,
1068,薪,薪,"シン たきぎ","薪炭，薪水薪",,
1069,親,親,"シン おや したしい したしむ","親族，親友，肉親親，親子，父親親しい，親しさ親しむ",,
1070,人,人,"ジン ニン ひと","人道，人員，成人人間，人情，人形人，人手，旅人","玄人（くろうと）素人（しろうと）仲人（なこうど）若人（わこうど）大人（おとな）一人（ひとり）二人（ふたり）",
1071,刃,刃,"ジン は","白刃，凶刃，自刃刃，刃物，両刃",,
1072,仁,仁,"ジン  ニ","仁義，仁術仁王",,
1073,尽（盡）,尽（盡）,"ジン つくす つきる つかす","尽力，無尽蔵尽くす，心尽くし尽きる愛想を尽かす",,
1074,迅,迅,ジン,迅速，疾風迅雷,,
1075,甚,甚,"ジン はなはだ はなはだしい","甚大，激甚，幸甚甚だ甚だしい",,
1076,陣,陣,ジン,陣頭，陣痛，円陣,,
1077,尋,尋,"ジン たずねる","尋問，尋常，千尋尋ねる，尋ね人",⇔訪ねる,
1078,腎,腎,ジン,腎臓，肝腎,「肝腎」は，「肝心」とも書く。,
1079,須,須,ス,必須,,
1080,図（圖）,図（圖）,"ズ ト はかる","図画，図表，地図図書，意図，壮図図る",⇔計る，測る，量る，謀る,
1081,水,水,"スイ みず","水分，水陸，海水水，水色，水浴び",清水（しみず）,
1082,吹,吹,"スイ ふく","吹奏，吹鳴，鼓吹吹く","息吹（いぶき）吹雪（ふぶき）⇔噴く",
1083,垂,垂,"スイ たれる たらす","垂直，懸垂，胃下垂垂れる，雨垂れ垂らす",,
1084,炊,炊,"スイ たく","炊事，自炊，雑炊炊く，飯炊き",,
1085,帥,帥,スイ,統帥，元帥,,
1086,粋（粹）,粋（粹）,"スイ いき","粋人，純粋，精粋粋",,
1087,衰,衰,"スイ おとろえる","衰弱，盛衰，老衰衰える，衰え",,
1088,推,推,"スイ おす","推進，推薦推す",⇔押す,
1089,酔（醉）,酔（醉）,"スイ よう","酔漢，麻酔，心酔酔う，酔い，二日酔い",,
1090,遂,遂,"スイ とげる","遂行，未遂，完遂遂げる",,
1091,睡,睡,スイ,睡眠，熟睡，午睡,,
1092,穂（穗）,穂（穗）,"スイ ほ","穂状，出穂期穂，稲穂",,
1093,随（隨）,随（隨）,ズイ,随行，随意，追随,,
1094,髄（髓）,髄（髓）,ズイ,骨髄，脳髄，真髄,,
1095,枢（樞）,枢（樞）,スウ,枢軸，枢要，中枢,,
1096,崇,崇,スウ,崇拝，崇高,,
1097,数（數）,数（數）,"スウ  ス かず かぞえる","数字，数量，年数人数数数える，数え年","数珠（じゅず）数寄屋・数奇屋（すきや）「人数」は，「ニンズウ」とも。",
1098,据,据,"すえる すわる","据える，据え置く据わる，据わり",⇔座る,
1099,杉,杉,すぎ,杉，杉並木,,
1100,裾,裾,すそ,裾，裾野,,
1101,寸,寸,スン,寸法，寸暇，一寸先,,
1102,瀬（瀨）,瀬（瀨）,せ,瀬，浅瀬，立つ瀬,,
1103,是,是,ゼ,是非，是認，国是,,
1104,井,井,"セイ  ショウ い","油井，市井天井井戸",,
1105,世,世,"セイ セ よ","世紀，時世，処世世界，世間，出世世，世の中",,
1106,正,正,"セイ ショウ ただしい ただす まさ","正義，正誤，訂正正直，正面，正月正しい，正しさ正す正に，正夢",,
1107,生,生,"セイ ショウ いきる いかす いける うまれる うむ おう はえる はやす き なま","生活，発生，先生生滅，一生，誕生生きる，長生き生かす生ける，生け捕り生まれる，生まれ生む生い立ち，生い茂る生える，芽生える生やす生糸，生地，生一本生の野菜，生水，生々しい","芝生（しばふ）弥生（やよい）⇔産まれる⇔産む",
1108,成,成,"セイ  ジョウ なる なす","成功，完成，賛成成就，成仏成る，成り立つ成す，成し遂げる",,
1109,西,西,"セイ サイ にし","西暦，西部，北西西国，東西西，西日",,
1110,声（聲）,声（聲）,"セイ  ショウ こえ  こわ","声楽，声援，名声大音声声，呼び声，歌声声色",,
1111,制,制,セイ,制度，制限，統制,,
1112,姓,姓,"セイ ショウ","姓名，改姓，同姓百姓",,
1113,征,征,セイ,征服，遠征，出征,,
1114,性,性,"セイ ショウ","性質，理性，男性性分，相性，根性",,
1115,青,青,"セイ  ショウ あお あおい","青天，青銅，青年緑青，紺青，群青青，青ざめる青い，青さ",真っ青（まっさお）,
1116,斉（齊）,斉（齊）,セイ,斉唱，一斉,,
1117,政,政,"セイ  ショウ まつりごと","政治，行政，家政摂政政",,
1118,星,星,"セイ  ショウ ほし","星座，流星，衛星明星星，黒星",,
1119,牲,牲,セイ,犠牲,,
1120,省,省,"セイ ショウ かえりみる はぶく","反省，内省，帰省省略，各省省みる省く",⇔顧みる,
1121,凄,凄,セイ,凄惨，凄絶,,
1122,逝,逝,"セイ ゆく いく","逝去，急逝，長逝逝く逝く","⇔行く⇔行く",
1123,清,清,"セイ  ショウ きよい きよまる きよめる","清潔，清算，粛清六根清浄清い，清らかだ清まる清める",清水（しみず）,
1124,盛,盛,"セイ  ジョウ もる さかる さかん","盛大，隆盛，全盛繁盛盛る，盛り上がる燃え盛る，盛り，花盛り盛んだ，盛んに",,
1125,婿,婿,"セイ むこ","女婿婿，花婿",,
1126,晴,晴,"セイ はれる はらす","晴天，晴雨，快晴晴れる，晴れ，晴れやかだ晴らす，気晴らし",,
1127,勢,勢,"セイ いきおい","勢力，優勢，情勢勢い",,
1128,聖,聖,セイ,聖書，聖人，神聖,,
1129,誠,誠,"セイ まこと","誠実，誠意，至誠誠，誠に",,
1130,精,精,"セイ  ショウ","精米，精密，精力精進，不精",,
1131,製,製,セイ,製造，製鉄，鉄製,,
1132,誓,誓,"セイ ちかう","誓約，誓詞，宣誓誓う，誓い",,
1133,静（靜）,静（靜）,"セイ  ジョウ しず しずか しずまる しずめる","静止，静穏，安静静脈静々と，静けさ静かだ静まる静める","⇔鎮まる⇔鎮める，沈める",
1134,請,請,"セイ  シン こう うける","請求，請願，申請普請請う請ける，請負，下請け","⇔乞う⇔受ける",
1135,整,整,"セイ ととのえる ととのう","整理，整列，調整整える整う","⇔調える⇔調う",
1136,醒,醒,セイ,覚醒,,
1137,税,税,ゼイ,税金，免税，関税,,
1138,夕,夕,"セキ ゆう","今夕，一朝一夕夕方，夕日，夕べ",七夕（たなばた）,
1139,斥,斥,セキ,斥候，排斥,,
1140,石,石,"セキ  シャク  コク いし","石材，岩石，宝石磁石石高，千石船石，小石",,
1141,赤,赤,"セキ  シャク あか あかい あからむ あからめる","赤道，赤貧，発赤赤銅赤，赤字，赤ん坊赤い赤らむ赤らめる",真っ赤（まっか）,
1142,昔,昔,"セキ  シャク むかし","昔日，昔年，昔時今昔昔，昔話",,
1143,析,析,セキ,析出，分析，解析,,
1144,席,席,セキ,席上，座席，出席,寄席（よせ）,
1145,脊,脊,セキ,脊髄，脊柱,,
1146,隻,隻,セキ,隻手，数隻,,
1147,惜,惜,"セキ おしい おしむ","惜敗，痛惜，愛惜惜しい惜しむ，負け惜しみ",,
1148,戚,戚,セキ,親戚,,
1149,責,責,"セキ せめる","責務，責任，職責責める，責め",,
1150,跡,跡,"セキ あと","追跡，旧跡，遺跡跡，足跡，屋敷跡",⇔後，痕,
1151,積,積,"セキ つむ つもる","積雪，蓄積，面積積む，下積み積もる，見積書",,
1152,績,績,セキ,紡績，成績，業績,,
1153,籍,籍,セキ,書籍，戸籍，本籍,,
1154,切,切,"セツ  サイ きる きれる","切断，親切，切に一切切る切れる",⇔斬る,
1155,折,折,"セツ おる おり おれる","折衷，折衝，屈折折る，折り紙，折り箱折，……する折折れる，名折れ",,
1156,拙,拙,"セツ つたない","拙劣，拙速，巧拙拙い",,
1157,窃（竊）,窃（竊）,セツ,窃盗，窃取,,
1158,接,接,"セツ つぐ","接触，接待，直接接ぐ，接ぎ木，骨接ぎ",⇔継ぐ,
1159,設,設,"セツ もうける","設立，設備，建設設ける",,
1160,雪,雪,"セツ ゆき","雪辱，降雪，積雪雪，雪解け，初雪","雪崩（なだれ）吹雪（ふぶき）",
1161,摂（攝）,摂（攝）,セツ,摂取，摂生,,
1162,節（節）,節（節）,"セツ  セチ ふし","節約，季節，関節お節料理節，節穴",,
1163,説,説,"セツ  ゼイ とく","説明，小説，演説遊説説く",,
1164,舌,舌,"ゼツ した","舌端，弁舌，筆舌舌，猫舌，二枚舌",,
1165,絶,絶,"ゼツ たえる たやす たつ","絶妙，絶食，断絶絶える絶やす絶つ",⇔裁つ，断つ,
1166,千,千,"セン ち","千円，千人力，千差万別千草，千々に",,
1167,川,川,"セン かわ","川柳，河川川，川岸，小川","川原（かわら）⇔河",
1168,仙,仙,セン,仙骨，仙人，酒仙,,
1169,占,占,"セン しめる うらなう","占拠，占星術，独占占める，買い占め占う，占い",,
1170,先,先,"セン さき","先方，先生，率先先，先立つ",,
1171,宣,宣,セン,宣言，宣誓，宣伝,,
1172,専（專）,専（專）,"セン もっぱら","専門，専属，専用専ら",,
1173,泉,泉,"セン いずみ","泉水，源泉，温泉泉",,
1174,浅（淺）,浅（淺）,"セン あさい","浅薄，浅学，深浅浅い，浅瀬，遠浅",,
1175,洗,洗,"セン あらう","洗面，洗練，洗剤洗う",,
1176,染,染,"セン そめる そまる しみる しみ","染色，染料，汚染染める，染め物染まる染みる，油染みる染み，染み抜き",,
1177,扇,扇,"セン おうぎ","扇子，扇風機，扇状地扇，舞扇",,
1178,栓,栓,セン,栓，給水栓，消火栓,,
1179,旋,旋,セン,旋回，旋律，周旋,,
1180,船,船,"セン ふね  ふな","船舶，乗船，汽船船，大船，親船船旅，船賃",⇔舟,
1181,戦（戰）,戦（戰）,"セン いくさ たたかう","戦争，苦戦，論戦戦，勝ち戦戦う，戦い",⇔闘う,
1182,煎,煎,"セン いる","煎茶煎る，煎り豆",＊［（付）第２の３参照］,
1183,羨,羨,"セン うらやむ うらやましい","羨望羨む羨ましい",,
1184,腺,腺,セン,前立腺，涙腺,,
1185,詮,詮,セン,詮索，所詮,＊［（付）第２の３参照］,
1186,践（踐）,践（踐）,セン,実践,,
1187,箋,箋,セン,処方箋，便箋,＊［（付）第２の３参照］,
1188,銭（錢）,銭（錢）,"セン ぜに","銭湯，金銭銭，銭入れ，小銭",,
1189,潜（潛）,潜（潛）,"セン ひそむ もぐる","潜水，潜在的，沈潜潜む潜る，潜り込む",,
1190,線,線,セン,線路，点線，光線,,
1191,遷,遷,セン,遷延，遷都，変遷,,
1192,選,選,"セン えらぶ","選択，選挙，当選選ぶ",,
1193,薦,薦,"セン すすめる","推薦，自薦薦める",⇔進める，勧める,
1194,繊（纖）,繊（纖）,セン,繊細，繊維，化繊,,
1195,鮮,鮮,"セン あざやか","鮮魚，鮮明，新鮮鮮やかだ",,
1196,全,全,"ゼン まったく すべて","全部，全国，完全全く，全うする全て",,
1197,前,前,"ゼン まえ","前後，以前，空前前，前向き，名前",,
1198,善,善,"ゼン よい","善悪，善処，慈善善い",⇔良い,
1199,然,然,"ゼン ネン","当然，自然，必然天然",,
1200,禅（禪）,禅（禪）,ゼン,禅宗，禅寺，座禅,,
1201,漸,漸,ゼン,漸次，漸進的，東漸,,
1202,膳,膳,ゼン,膳，配膳,,
1203,繕,繕,"ゼン つくろう","修繕，営繕繕う，繕い",,
1204,狙,狙,"ソ ねらう","狙撃狙う，狙い",,
1205,阻,阻,"ソ はばむ","阻止，阻害，険阻阻む",,
1206,祖（祖）,祖（祖）,ソ,祖父，祖述，元祖,,
1207,租,租,ソ,租税，公租公課,,
1208,素,素,"ソ ス","素材，元素，平素素顔，素手，素性",素人（しろうと）,
1209,措,措,ソ,措置，措辞，挙措,,
1210,粗,粗,"ソ あらい","粗密，粗野，精粗粗い",⇔荒い,
1211,組,組,"ソ くむ くみ","組織，組成，改組組む，組み込む組，組長，赤組",,
1212,疎,疎,"ソ うとい うとむ","疎密，疎外，親疎疎い疎む，疎ましい",,
1213,訴,訴,"ソ うったえる","訴訟，告訴，哀訴訴える，訴え",,
1214,塑,塑,ソ,塑像，彫塑，可塑性,,
1215,遡［遡］,遡［遡］,"ソ さかのぼる","遡及，遡上遡る","［遡］＝許容字体，＊［（付）第２の１参照］",
1216,礎,礎,"ソ いしずえ","礎石，基礎，定礎礎",,
1217,双（雙）,双（雙）,"ソウ ふた","双肩，双方，無双双子，双葉",⇔二,
1218,壮（壯）,壮（壯）,ソウ,壮大，壮健，強壮,,
1219,早,早,"ソウ  サッ はやい はやまる はやめる","早朝，早晩，早々に早速，早急早い，早口，素早い早まる早める","早乙女（さおとめ）早苗（さなえ）⇔速い⇔速まる⇔速める",
1220,争（爭）,争（爭）,"ソウ あらそう","争議，競争，紛争争う，争い",,
1221,走,走,"ソウ はしる","走行，競走，滑走走る，先走る",師走（しわす）,
1222,奏,奏,"ソウ かなでる","奏楽，演奏，合奏奏でる",,
1223,相,相,"ソウ ショウ あい","相当，相談，真相首相，宰相相手，相宿",相撲（すもう）,
1224,荘（莊）,荘（莊）,ソウ,荘厳，荘重，別荘,,
1225,草,草,"ソウ くさ","草案，雑草，牧草草，草花，語り草",草履（ぞうり）,
1226,送,送,"ソウ おくる","送別，放送，運送送る，見送り",⇔贈る,
1227,倉,倉,"ソウ くら","倉庫，穀倉倉，倉敷料",⇔蔵,
1228,捜（搜）,捜（搜）,"ソウ さがす","捜索，捜査捜す",⇔探す,
1229,挿（插）,挿（插）,"ソウ さす","挿入，挿話挿す，挿絵，挿し木",⇔差す，刺す，指す,
1230,桑,桑,"ソウ くわ","桑園桑，桑畑",,
1231,巣（巢）,巣（巢）,"ソウ す","営巣，卵巣，病巣巣，巣箱，巣立つ",,
1232,掃,掃,"ソウ はく","掃除，清掃，一掃掃く",,
1233,曹,曹,ソウ,法曹，法曹界，陸曹,,
1234,曽（曾）,曽（曾）,"ソウ  ゾ","曽祖父，曽孫未曽有",,
1235,爽,爽,"ソウ さわやか","爽快爽やかだ",,
1236,窓,窓,"ソウ まど","車窓，同窓，深窓窓，窓口，出窓",,
1237,創,創,"ソウ つくる","創造，独創，刀創創る",⇔作る，造る,
1238,喪,喪,"ソウ も","喪失喪，喪服，喪主",,
1239,痩（瘦）,痩（瘦）,"ソウ やせる","痩身痩せる",,
1240,葬,葬,"ソウ ほうむる","葬儀，埋葬，会葬葬る",,
1241,装（裝）,装（裝）,"ソウ ショウ よそおう","装置，服装，変装装束，衣装装う，装い",,
1242,僧（僧）,僧（僧）,ソウ,僧院，高僧，尼僧,,
1243,想,想,"ソウ  ソ","想像，感想，予想愛想",,
1244,層（層）,層（層）,ソウ,層雲，高層，断層,,
1245,総（總）,総（總）,ソウ,総合，総意，総括,,
1246,遭,遭,"ソウ あう","遭遇，遭難遭う",⇔合う，会う,
1247,槽,槽,ソウ,水槽，浴槽,,
1248,踪,踪,ソウ,失踪,,
1249,操,操,"ソウ みさお あやつる","操縦，操作，節操操操る，操り人形",,
1250,燥,燥,ソウ,乾燥，焦燥，高燥,,
1251,霜,霜,"ソウ しも","霜害，晩霜霜，霜柱，初霜",,
1252,騒（騷）,騒（騷）,"ソウ さわぐ","騒動，騒音，物騒騒ぐ，騒ぎ，騒がしい",,
1253,藻,藻,"ソウ も","藻類，海藻，詞藻藻",,
1254,造,造,"ゾウ つくる","造船，造花，構造造る",⇔作る，創る,
1255,像,像,ゾウ,肖像，現像，想像,,
1256,増（增）,増（增）,"ゾウ ます ふえる ふやす","増減，増加，激増増す，水増し増える増やす","⇔殖える⇔殖やす",
1257,憎（憎）,憎（憎）,"ゾウ にくむ にくい にくらしい にくしみ","憎悪，愛憎憎む憎い，憎さ憎らしい憎しみ",,
1258,蔵（藏）,蔵（藏）,"ゾウ くら","蔵書，貯蔵，土蔵蔵，酒蔵",⇔倉,
1259,贈（贈）,贈（贈）,"ゾウ  ソウ おくる","贈与，贈呈，贈答寄贈贈る，贈り物","「寄贈」は，「キゾウ」とも。⇔送る",
1260,臓（臟）,臓（臟）,ゾウ,臓器，内臓，心臓,,
1261,即（卽）,即（卽）,ソク,即応，即席，即興,,
1262,束,束,"ソク たば","束縛，結束，約束束，花束，束ねる",,
1263,足,足,"ソク あし たりる たる たす","足跡，遠足，補足足，足音，素足足りる舌足らず足す","足袋（たび）⇔脚",
1264,促,促,"ソク うながす","促進，促成，催促促す",,
1265,則,則,ソク,法則，鉄則，変則,,
1266,息,息,"ソク いき","休息，消息，子息息，息巻く，吐息","息吹（いぶき）息子（むすこ）",
1267,捉,捉,"ソク とらえる","捕捉捉える",⇔捕らえる,
1268,速,速,"ソク はやい はやめる はやまる すみやか","速度，敏速，時速速い，速さ速める速まる速やかだ","⇔早い⇔早める⇔早まる",
1269,側,側,"ソク がわ","側面，側近，側壁側，裏側，片側",「かわ」とも。,
1270,測,測,"ソク はかる","測量，目測，推測測る",⇔計る，量る，図る,
1271,俗,俗,ゾク,俗事，風俗，民俗,,
1272,族,族,ゾク,一族，家族，民族,,
1273,属（屬）,属（屬）,ゾク,属性，従属，金属,,
1274,賊,賊,ゾク,賊軍，盗賊,,
1275,続（續）,続（續）,"ゾク つづく つづける","続出，続行，連続続く，続き続ける",,
1276,卒,卒,ソツ,卒業，卒中，兵卒,,
1277,率,率,"ソツ リツ ひきいる","率先，引率，軽率比率，能率，百分率率いる",,
1278,存,存,"ソン ゾン","存在，存続，既存存分，保存，存じます",,
1279,村,村,"ソン むら","村長，村落，農村村，村里，村芝居",,
1280,孫,孫,"ソン まご","子孫，嫡孫孫",,
1281,尊,尊,"ソン たっとい とうとい たっとぶ とうとぶ","尊敬，尊大，本尊尊い尊い尊ぶ尊ぶ","⇔貴い⇔貴い⇔貴ぶ⇔貴ぶ",
1282,損,損,"ソン そこなう そこねる","損失，欠損，破損損なう，見損なう損ねる",,
1283,遜［遜］,遜［遜］,ソン,謙遜，不遜,"［遜］＝許容字体，＊［（付）第２の１参照］",
1284,他,他,"タ ほか","他国，自他，排他的他，○○の他",⇔外,
1285,多,多,"タ おおい","多少，多数，雑多多い",,
1286,汰,汰,タ,沙汰,,
1287,打,打,"ダ うつ","打撃，打破，乱打打つ",⇔撃つ，討つ,
1288,妥,妥,ダ,妥当，妥結，妥協,,
1289,唾,唾,"ダ つば","唾液，唾棄唾，眉唾","固唾（かたず）「唾」は，「つばき」とも。",
1290,堕（墮）,堕（墮）,ダ,堕落,,
1291,惰,惰,ダ,惰眠，惰気，怠惰,,
1292,駄,駄,ダ,駄菓子，駄作，無駄,,
1293,太,太,"タイ タ ふとい ふとる","太陽，太鼓，皇太子丸太太い太る",太刀（たち）,
1294,対（對）,対（對）,"タイ ツイ","対立，絶対，反対対句，一対",,
1295,体（體）,体（體）,"タイ テイ からだ","体格，人体，主体体裁，風体体，体つき",,
1296,耐,耐,"タイ たえる","耐久，耐火，忍耐耐える",⇔堪える,
1297,待,待,"タイ まつ","待機，待遇，期待待つ，待ち遠しい",,
1298,怠,怠,"タイ おこたる なまける","怠惰，怠慢怠る怠ける，怠け者",,
1299,胎,胎,タイ,胎児，受胎，母胎,,
1300,退,退,"タイ しりぞく しりぞける","退却，退屈，進退退く退ける",立ち退く（たちのく）,
1301,帯（帶）,帯（帶）,"タイ おびる おび","携帯，地帯，連帯帯びる帯，角帯",,
1302,泰,泰,タイ,泰然，泰斗，安泰,,
1303,堆,堆,タイ,堆積,,
1304,袋,袋,"タイ ふくろ","風袋，郵袋袋，紙袋",足袋（たび）,
1305,逮,逮,タイ,逮捕，逮夜,,
1306,替,替,"タイ かえる かわる","代替替える，両替替わる","為替（かわせ）⇔換える，代える，変える⇔換わる，代わる，変わる",
1307,貸,貸,"タイ かす","貸借，貸与，賃貸貸す，貸し",,
1308,隊,隊,タイ,隊列，軍隊，部隊,,
1309,滞（滯）,滞（滯）,"タイ とどこおる","滞在，滞貨，沈滞滞る",,
1310,態,態,タイ,態勢，形態，容態,,
1311,戴,戴,タイ,戴冠，頂戴,,
1312,大,大,"ダイ タイ おお おおきい おおいに","大小，大胆，拡大大衆，大した，大して大型，大通り，大水大きい，大きさ，大きな大いに","大人（おとな）大和（やまと）",
1313,代,代,"ダイ タイ かわる かえる よ しろ","代理，世代，現代代謝，交代代わる，代わり代える代，神代代物，苗代","⇔換わる，替わる，変わる⇔換える，替える，変える",
1314,台（臺）,台（臺）,"ダイ タイ","台地，灯台，一台台風，舞台",,
1315,第,第,ダイ,第一，第三者，及第,,
1316,題,題,ダイ,題名，問題，出題,,
1317,滝（瀧）,滝（瀧）,たき,滝，滝つぼ,,
1318,宅,宅,タク,宅地，自宅，帰宅,,
1319,択（擇）,択（擇）,タク,選択，採択，二者択一,,
1320,沢（澤）,沢（澤）,"タク さわ","光沢，潤沢沢",,
1321,卓,卓,タク,卓越，卓球，食卓,,
1322,拓,拓,タク,拓本，開拓,,
1323,託,託,タク,託宣，委託，結託,,
1324,濯,濯,タク,洗濯,,
1325,諾,諾,ダク,諾否，承諾，快諾,,
1326,濁,濁,"ダク にごる にごす","濁流，濁音，清濁濁る，濁り濁す",,
1327,但,但,ただし,但し，但し書き,,
1328,達,達,タツ,達人，調達，伝達,友達（ともだち）,
1329,脱,脱,"ダツ ぬぐ ぬげる","脱衣，脱出，虚脱脱ぐ脱げる",,
1330,奪,奪,"ダツ うばう","奪回，奪取，争奪奪う，奪い取る",,
1331,棚,棚,たな,棚，戸棚，大陸棚,,
1332,誰,誰,だれ,誰,,
1333,丹,丹,タン,丹念，丹精,,
1334,旦,旦,"タン ダン","一旦，元旦旦那",,
1335,担（擔）,担（擔）,"タン かつぐ になう","担当，担架，負担担ぐ担う",,
1336,単（單）,単（單）,タン,単独，単位，簡単,,
1337,炭,炭,"タン すみ","炭鉱，木炭，石炭炭，炭火，消し炭",,
1338,胆（膽）,胆（膽）,タン,大胆，落胆，魂胆,,
1339,探,探,"タン さぐる さがす","探求，探訪，探知探る，探り探す",⇔捜す,
1340,淡,淡,"タン あわい","淡水，濃淡，冷淡淡い，淡雪",,
1341,短,短,"タン みじかい","短歌，短所，長短短い",,
1342,嘆（嘆）,嘆（嘆）,"タン なげく なげかわしい","嘆息，嘆願，驚嘆嘆く，嘆き嘆かわしい",,
1343,端,端,"タン はし は はた","端正，末端，極端端，片端端数，半端，軒端端，川端，道端",,
1344,綻,綻,"タン ほころびる","破綻綻びる",,
1345,誕,誕,タン,誕生，生誕,,
1346,鍛,鍛,"タン きたえる","鍛錬鍛える，鍛え方",鍛冶（かじ）,
1347,団（團）,団（團）,"ダン  トン","団結，団地，集団布団",,
1348,男,男,"ダン ナン おとこ","男子，男女，男性長男，美男，善男善女男，男らしい",,
1349,段,段,ダン,段落，階段，手段,,
1350,断（斷）,断（斷）,"ダン たつ ことわる","断絶，断定，判断断つ，塩断ち断る，断り",⇔裁つ，絶つ,
1351,弾（彈）,弾（彈）,"ダン ひく はずむ たま","弾力，弾圧，爆弾弾く，弾き手弾む，弾み弾","⇔引く⇔玉，球",
1352,暖,暖,"ダン あたたか あたたかい あたたまる あたためる","暖流，暖房，温暖暖かだ暖かい暖まる暖める","⇔温か⇔温かい⇔温まる⇔温める",
1353,談,談,ダン,談話，談判，相談,,
1354,壇,壇,"ダン  タン","壇上，花壇，文壇土壇場",,
1355,地,地,"チ ジ","地下，天地，境地地面，地震，地元","心地（ここち）意気地（いくじ）",
1356,池,池,"チ いけ","貯水池，電池池，古池",,
1357,知,知,"チ しる","知識，知人，通知知る，物知り",,
1358,値,値,"チ ね あたい","価値，数値，絶対値値，値段値，値する",⇔価,
1359,恥,恥,"チ はじる はじ はじらう はずかしい","恥辱，無恥，破廉恥恥じる，恥じ入る恥，生き恥恥じらう，恥じらい恥ずかしい",,
1360,致,致,"チ いたす","誘致，合致，風致致す",,
1361,遅（遲）,遅（遲）,"チ おくれる おくらす おそい","遅延，遅刻，遅速遅れる，遅れ遅らす遅い，遅咲き",⇔後れる,
1362,痴（癡）,痴（癡）,チ,痴情，愚痴,,
1363,稚,稚,チ,稚魚，稚拙，幼稚,稚児（ちご）,
1364,置,置,"チ おく","位置，放置，処置置く",,
1365,緻,緻,チ,緻密，精緻,,
1366,竹,竹,"チク たけ","竹林，竹馬の友，爆竹竹，竹やぶ，さお竹",竹刀（しない）,
1367,畜,畜,チク,畜産，牧畜，家畜,,
1368,逐,逐,チク,逐次，逐一，駆逐,,
1369,蓄,蓄,"チク たくわえる","蓄積，蓄電池，貯蓄蓄える，蓄え",,
1370,築,築,"チク きずく","築港，建築，改築築く，築き上げる",築山（つきやま）,
1371,秩,秩,チツ,秩序,,
1372,窒,窒,チツ,窒息，窒素,,
1373,茶,茶,"チャ サ","茶色，茶番劇，番茶茶菓，茶話会，喫茶",,
1374,着,着,"チャク  ジャク きる きせる つく つける","着用，着手，土着愛着，執着着る，着物，晴れ着着せる，お仕着せ着く，船着き場着ける","「愛着」，「執着」は，「アイチャク」，「シュウチャク」とも。⇔付く，就く⇔付ける，就ける",
1375,嫡,嫡,チャク,嫡子，嫡流,,
1376,中,中,"チュウ  ジュウ なか","中央，中毒，胸中○○中中，中庭，真ん中",⇔仲,
1377,仲,仲,"チュウ なか","仲介，仲裁，伯仲仲，仲間","仲人（なこうど）⇔中",
1378,虫（蟲）,虫（蟲）,"チュウ むし","虫類，幼虫，害虫虫，毛虫",,
1379,沖,沖,"チュウ おき","沖積層，沖天，沖する沖",,
1380,宙,宙,チュウ,宙返り，宇宙,,
1381,忠,忠,チュウ,忠実，忠勤，誠忠,,
1382,抽,抽,チュウ,抽出，抽象,,
1383,注,注,"チュウ そそぐ","注入，注意，発注注ぐ",,
1384,昼（晝）,昼（晝）,"チュウ ひる","昼夜，昼食，白昼昼，昼寝，真昼",,
1385,柱,柱,"チュウ はしら","支柱，円柱，電柱柱，帆柱，大黒柱",,
1386,衷,衷,チュウ,衷心，折衷，苦衷,,
1387,酎,酎,チュウ,焼酎,,
1388,鋳（鑄）,鋳（鑄）,"チュウ いる","鋳造，鋳鉄，改鋳鋳る，鋳物，鋳型",,
1389,駐,駐,チュウ,駐車，駐在，進駐,,
1390,著（著）,著（著）,"チョ あらわす いちじるしい","著名，著作，顕著著す著しい，著しさ",⇔表す，現す,
1391,貯,貯,チョ,貯蓄，貯金，貯水池,,
1392,丁,丁,"チョウ テイ","丁数，落丁，二丁目丁字路，甲乙丙丁",,
1393,弔,弔,"チョウ とむらう","弔問，弔辞，慶弔弔う，弔い",,
1394,庁（廳）,庁（廳）,チョウ,庁舎，官庁，県庁,,
1395,兆,兆,"チョウ きざす きざし","兆候，前兆，億兆兆す兆し",,
1396,町,町,"チョウ まち","町会，市町村町，町外れ",⇔街,
1397,長,長,"チョウ ながい","長女，長所，成長長い，長さ",⇔永い,
1398,挑,挑,"チョウ いどむ","挑戦，挑発挑む",,
1399,帳,帳,チョウ,帳面，帳簿，通帳,蚊帳（かや）,
1400,張,張,"チョウ はる","張力，拡張，主張張る，欲張る，引っ張る",⇔貼る,
1401,彫,彫,"チョウ ほる","彫刻，彫塑，木彫彫る，木彫り",,
1402,眺,眺,"チョウ ながめる","眺望眺める，眺め",,
1403,釣,釣,"チョウ つる","釣果，釣魚，釣艇釣る，釣り，釣り合い",,
1404,頂,頂,"チョウ いただく いただき","頂上，頂点，絶頂頂く，頂き物頂",「山頂」の意。,
1405,鳥,鳥,"チョウ とり","鳥類，野鳥，一石二鳥鳥，鳥居，小鳥",鳥取（とっとり）県,
1406,朝,朝,"チョウ あさ","朝食，早朝，今朝朝，朝日，毎朝",今朝（けさ）,
1407,貼,貼,"チョウ はる","貼付貼る","「貼付」は，「テンプ」とも。⇔張る",
1408,超,超,"チョウ こえる こす","超越，超過，入超超える超す","⇔越える⇔越す",
1409,腸,腸,チョウ,腸炎，大腸，胃腸,,
1410,跳,跳,"チョウ はねる とぶ","跳躍跳ねる跳ぶ，縄跳び",⇔飛ぶ,
1411,徴（徵）,徴（徵）,チョウ,徴収，特徴，象徴,,
1412,嘲,嘲,"チョウ あざける","嘲笑，自嘲嘲る",＊［（付）第２の３参照］,
1413,潮,潮,"チョウ しお","潮流，満潮，風潮潮，潮風",,
1414,澄,澄,"チョウ すむ すます","清澄澄む，上澄み澄ます，澄まし顔",,
1415,調,調,"チョウ しらべる ととのう ととのえる","調和，調査，好調調べる，調べ調う調える","⇔整う⇔整える",
1416,聴（聽）,聴（聽）,"チョウ きく","聴覚，聴衆，傍聴聴く",⇔聞く,
1417,懲（懲）,懲（懲）,"チョウ こりる こらす こらしめる","懲罰，懲戒，懲役懲りる，性懲りもなく懲らす懲らしめる",,
1418,直,直,"チョク ジキ ただちに なおす なおる","直立，直接，実直直訴，直筆，正直直ちに直す，手直し直る，仲直り","⇔治す⇔治る",
1419,勅（敕）,勅（敕）,チョク,勅語，勅使，詔勅,,
1420,捗,捗,チョク,進捗,＊［（付）第２の３参照］,
1421,沈,沈,"チン しずむ しずめる","沈滞，沈黙，浮沈沈む，浮き沈み沈める",⇔静める，鎮める,
1422,珍,珍,"チン めずらしい","珍客，珍重，珍妙珍しい，珍しさ，珍しがる",,
1423,朕,朕,チン,,,
1424,陳,陳,チン,陳列，陳謝，開陳,,
1425,賃,賃,チン,賃金，賃上げ，運賃,,
1426,鎮（鎭）,鎮（鎭）,"チン しずめる しずまる","鎮座，鎮静，重鎮鎮める鎮まる","⇔静める，沈める⇔静まる",
1427,追,追,"ツイ おう","追跡，追放，訴追追う",,
1428,椎,椎,ツイ,椎間板，脊椎,,
1429,墜,墜,ツイ,墜落，墜死，撃墜,,
1430,通,通,"ツウ  ツ とおる とおす かよう","通行，通読，普通通夜通る，通り通す，通し通う，通い",,
1431,痛,痛,"ツウ いたい いたむ いためる","痛快，苦痛，心痛痛い，痛さ痛む，痛み，痛ましい痛める","⇔傷む，悼む⇔傷める",
1432,塚（塚）,塚（塚）,つか,塚，貝塚,,
1433,漬,漬,"つける つかる","漬ける，漬物漬かる",,
1434,坪,坪,つぼ,坪数，建坪,,
1435,爪,爪,"つめ  つま","爪，生爪爪先，爪弾く",,
1436,鶴,鶴,つる,鶴，千羽鶴,,
1437,低,低,"テイ ひくい ひくめる ひくまる","低級，低気圧，高低低い，低さ低める低まる",,
1438,呈,呈,テイ,呈上，進呈，贈呈,,
1439,廷,廷,テイ,宮廷，法廷，出廷,,
1440,弟,弟,"テイ  ダイ  デ おとうと","弟妹，義弟，子弟兄弟弟子弟",,
1441,定,定,"テイ ジョウ さだめる さだまる さだか","定価，安定，決定定石，定紋，必定定める，定め定まる定かだ",,
1442,底,底,"テイ そこ","底流，海底，到底底，奥底",,
1443,抵,抵,テイ,抵抗，抵触，大抵,,
1444,邸,邸,テイ,邸宅，邸内，私邸,,
1445,亭,亭,テイ,亭主，料亭,,
1446,貞,貞,テイ,貞淑，貞操，貞節,,
1447,帝,帝,テイ,帝王，帝国，皇帝,,
1448,訂,訂,テイ,訂正，改訂,,
1449,庭,庭,"テイ にわ","庭園，校庭，家庭庭，庭先",,
1450,逓（遞）,逓（遞）,テイ,逓信，逓送，逓減,,
1451,停,停,テイ,停止，停車，調停,,
1452,偵,偵,テイ,偵察，探偵，内偵,,
1453,堤,堤,"テイ つつみ","堤防，防波堤堤",,
1454,提,提,"テイ さげる","提供，提案，前提提げる，手提げ",⇔下げる,
1455,程,程,"テイ ほど","程度，日程，過程程，程遠い，身の程",,
1456,艇,艇,テイ,艦艇，舟艇，競艇,,
1457,締,締,"テイ しまる しめる","締結締まる，締まり締める，締め切る，引き締め","⇔閉まる，絞まる⇔閉める，絞める",
1458,諦,諦,"テイ あきらめる","諦観，諦念諦める",,
1459,泥,泥,"デイ どろ","泥土，雲泥，拘泥泥，泥沼，泥棒",,
1460,的,的,"テキ まと","的中，目的，科学的的，的外れ",,
1461,笛,笛,"テキ ふえ","汽笛，警笛，牧笛笛，口笛",,
1462,摘,摘,"テキ つむ","摘要，摘発，指摘摘む，摘み草",,
1463,滴,滴,"テキ しずく したたる","水滴，点滴，一滴滴滴る，滴り",,
1464,適,適,テキ,適切，適度，快適,,
1465,敵,敵,"テキ かたき","敵，敵意，匹敵敵，敵役，商売敵",,
1466,溺,溺,"デキ おぼれる","溺愛，溺死溺れる",＊［（付）第２の３参照］,
1467,迭,迭,テツ,更迭,,
1468,哲,哲,テツ,哲学，哲人，先哲,,
1469,鉄（鐵）,鉄（鐵）,テツ,鉄道，鉄筋，鋼鉄,,
1470,徹,徹,テツ,徹底，徹夜，貫徹,,
1471,撤,撤,テツ,撤去，撤回，撤兵,,
1472,天,天,"テン あめ  あま","天地，天然，雨天天天の川，天下り",,
1473,典,典,テン,典拠，古典，式典,,
1474,店,店,"テン みせ","店舗，開店，本店店，夜店",,
1475,点（點）,点（點）,テン,点線，点火，採点,,
1476,展,展,テン,展示，展開，発展,,
1477,添,添,"テン そえる そう","添加，添付，添削添える，添え手紙添う，付き添う",⇔沿う,
1478,転（轉）,転（轉）,"テン ころがる ころげる ころがす ころぶ","転出，回転，運転転がる転げる転がす転ぶ",,
1479,塡,塡,テン,装塡，補塡,＊［（付）第２の３参照］,
1480,田,田,"デン た","田地，水田，油田田，田植え",田舎（いなか）,
1481,伝（傳）,伝（傳）,"デン つたわる つたえる つたう","伝言，伝統，宣伝伝わる伝える，言い伝え伝う","伝馬船（てんません）手伝（てつだ）う",
1482,殿,殿,"デン テン との どの","殿堂，宮殿，貴殿御殿殿様，殿方○○殿",,
1483,電,電,デン,電気，電報，発電,,
1484,斗,斗,ト,斗酒，北斗七星,,
1485,吐,吐,"ト はく","吐露，吐血，音吐朗々吐く，吐き気",,
1486,妬,妬,"ト ねたむ","嫉妬妬む",,
1487,徒,徒,ト,徒歩，徒労，信徒,,
1488,途,途,ト,途上，帰途，前途,,
1489,都（都）,都（都）,"ト ツ みやこ","都会，都心，首都都合，都度都，都落ち",,
1490,渡,渡,"ト わたる わたす","渡航，渡河，譲渡渡る，渡り渡す，渡し",,
1491,塗,塗,"ト ぬる","塗布，塗装，塗料塗る，塗り",,
1492,賭,賭,"ト かける","賭場，賭博賭ける，賭け","＊［（付）第２の３参照］⇔掛ける，懸ける，架ける",
1493,土,土,"ド ト つち","土木，国土，粘土土地土，赤土",土産（みやげ）,
1494,奴,奴,ド,奴隷，守銭奴,,
1495,努,努,"ド つとめる","努力努める，努めて〔副〕",⇔勤める，務める,
1496,度,度,"ド  ト  タク たび","度胸，制度，限度法度支度度，度重なる，この度",,
1497,怒,怒,"ド いかる おこる","怒号，怒気，激怒怒る，怒り，怒り狂う怒る",,
1498,刀,刀,"トウ かたな","刀剣，短刀，名刀刀","太刀（たち）竹刀（しない）",
1499,冬,冬,"トウ ふゆ","冬季，冬至，越冬冬，冬枯れ",,
1500,灯（燈）,灯（燈）,"トウ ひ","灯火，電灯，点灯灯",⇔火,
1501,当（當）,当（當）,"トウ あたる あてる","当惑，当然，妥当当たる，当たり当てる，当て",⇔宛てる，充てる,
1502,投,投,"トウ なげる","投資，投下，暴投投げる，身投げ",投網（とあみ）,
1503,豆,豆,"トウ  ズ まめ","豆腐，納豆大豆豆，豆粒，煮豆",小豆（あずき）,
1504,東,東,"トウ ひがし","東西，東国，以東東，東側",,
1505,到,到,トウ,到着，到底，周到,,
1506,逃,逃,"トウ にげる にがす のがす のがれる","逃走，逃亡，逃避逃げる，夜逃げ逃がす逃す，見逃す逃れる，一時逃れ",,
1507,倒,倒,"トウ たおれる たおす","倒産，圧倒，傾倒倒れる，共倒れ倒す",,
1508,凍,凍,"トウ こおる こごえる","凍結，凍死，冷凍凍る，凍り付く凍える，凍え死に",,
1509,唐,唐,"トウ から","唐本，唐突唐織，唐草模様",,
1510,島,島,"トウ しま","島民，半島，列島島，島国，離れ島",,
1511,桃,桃,"トウ もも","桃源郷，白桃，桜桃桃，桃色",,
1512,討,討,"トウ うつ","討伐，討論，検討討つ，敵討ち",⇔打つ，撃つ,
1513,透,透,"トウ すく すかす すける","透写，透明，浸透透く透かす，透かし透ける",,
1514,党（黨）,党（黨）,トウ,党派，政党，徒党,,
1515,悼,悼,"トウ いたむ","悼辞，哀悼，追悼悼む",⇔痛む，傷む,
1516,盗（盜）,盗（盜）,"トウ ぬすむ","盗難，盗用，強盗盗む，盗み",,
1517,陶,陶,トウ,陶器，陶酔，薫陶,,
1518,塔,塔,トウ,五重の塔，石塔,,
1519,搭,搭,トウ,搭載，搭乗，搭乗券,,
1520,棟,棟,"トウ むね  むな","上棟，病棟棟，別棟棟木",,
1521,湯,湯,"トウ ゆ","湯治，熱湯，微温湯湯，湯水，煮え湯",,
1522,痘,痘,トウ,種痘，水痘，天然痘,,
1523,登,登,"トウ ト のぼる","登壇，登校，登記登山，登城登る，山登り",⇔上る，昇る,
1524,答,答,"トウ こたえる こたえ","答弁，応答，問答答える答え",⇔応える,
1525,等,等,"トウ ひとしい","等分，等級，平等等しい",,
1526,筒,筒,"トウ つつ","封筒，水筒，円筒形筒，筒抜け",,
1527,統,統,"トウ すべる","統一，統計，伝統統べる",,
1528,稲（稻）,稲（稻）,"トウ いね  いな","水稲，陸稲稲，稲刈り稲作，稲穂",,
1529,踏,踏,"トウ ふむ ふまえる","踏破，踏襲，高踏的踏む，足踏み踏まえる",,
1530,糖,糖,トウ,糖分，砂糖，製糖,,
1531,頭,頭,"トウ ズ  ト あたま かしら","頭部，年頭，船頭頭脳，頭上，頭痛音頭頭，頭金，頭打ち頭，頭文字，旗頭",,
1532,謄,謄,トウ,謄写，謄本,,
1533,藤,藤,"トウ ふじ","葛藤藤，藤色",,
1534,闘（鬭）,闘（鬭）,"トウ たたかう","闘争，闘志，戦闘闘う，闘い",⇔戦う,
1535,騰,騰,トウ,騰貴，暴騰，沸騰,,
1536,同,同,"ドウ おなじ","同情，異同，混同同じ，同じだ，同い年",,
1537,洞,洞,"ドウ ほら","洞穴，洞察，空洞洞穴",,
1538,胴,胴,ドウ,胴体，双胴船,,
1539,動,動,"ドウ うごく うごかす","動物，活動，騒動動く，動き動かす",,
1540,堂,堂,ドウ,堂々と，殿堂，母堂,,
1541,童,童,"ドウ わらべ","童話，童心，児童童，童歌",,
1542,道,道,"ドウ  トウ みち","道路，道徳，報道神道道，近道",,
1543,働,働,"ドウ はたらく","労働，実働働く，働き",,
1544,銅,銅,ドウ,銅器，銅像，青銅,,
1545,導,導,"ドウ みちびく","導入，指導，半導体導く，導き",,
1546,瞳,瞳,"ドウ ひとみ","瞳孔瞳",,
1547,峠,峠,とうげ,峠，峠道,,
1548,匿,匿,トク,匿名，隠匿,,
1549,特,特,トク,特殊，特産，独特,,
1550,得,得,"トク える うる","得意，会得，損得得る得るところ，書き得る",⇔獲る,
1551,督,督,トク,督促，督励，監督,,
1552,徳（德）,徳（德）,トク,徳義，徳用，道徳,,
1553,篤,篤,トク,篤農，危篤，懇篤,,
1554,毒,毒,ドク,毒薬，毒舌，中毒,,
1555,独（獨）,独（獨）,"ドク ひとり","独立，独断，単独独り，独り者",,
1556,読（讀）,読（讀）,"ドク トク  トウ よむ","読書，音読，購読読本読点，句読点読む，読み","読経（どきょう）⇔詠む",
1557,栃,栃,とち,,栃木県,
1558,凸,凸,トツ,凸版，凸レンズ，凹凸,凸凹（でこぼこ）,
1559,突（突）,突（突）,"トツ つく","突然，突端，衝突突く，一突き",,
1560,届（屆）,届（屆）,"とどける とどく","届ける，届け届く，行き届く",,
1561,屯,屯,トン,駐屯，駐屯地,,
1562,豚,豚,"トン ぶた","養豚豚，子豚",,
1563,頓,頓,トン,頓着，整頓,,
1564,貪,貪,"ドン むさぼる","貪欲貪る",,
1565,鈍,鈍,"ドン にぶい にぶる","鈍感，鈍角，愚鈍鈍い，鈍さ鈍る",,
1566,曇,曇,"ドン くもる","曇天曇る，曇り",,
1567,丼,丼,"どんぶり  どん","丼，丼飯牛丼，天丼",,
1568,那,那,ナ,刹那，旦那,,
1569,奈,奈,ナ,奈落,,
1570,内,内,"ナイ  ダイ うち","内外，内容，家内内裏，参内内，内側，内気",,
1571,梨,梨,なし,梨,,
1572,謎［謎］,謎［謎］,なぞ,謎,"［謎］＝許容字体，＊［（付）第２の１参照］",
1573,鍋,鍋,なべ,鍋，鍋料理,,
1574,南,南,"ナン  ナ みなみ","南北，南端，指南南無南，南向き",,
1575,軟,軟,"ナン やわらか やわらかい","軟化，軟弱，硬軟軟らかだ軟らかい","⇔柔らか⇔柔らかい",
1576,難（難）,難（難）,"ナン かたい むずかしい","難易，困難，非難許し難い，有り難い難しい，難しさ",「むつかしい」とも。,
1577,二,二,"ニ ふた ふたつ","二番目，二分，十二月二重まぶた二つ","十重二十重（とえはたえ）二十・二十歳（はたち）二十日（はつか）二人（ふたり）二日（ふつか）⇔双",
1578,尼,尼,"ニ あま","尼僧，修道尼尼，尼寺",,
1579,弐（貳）,弐（貳）,ニ,弐万円,,
1580,匂,匂,におう,匂う，匂い,⇔臭う,
1581,肉,肉,ニク,肉類，肉薄，筋肉,,
1582,虹,虹,にじ,虹,,
1583,日,日,"ニチ ジツ ひ か","日時，日光，毎日連日，平日，休日日，日帰り，月曜日三日，十日","明日（あす）昨日（きのう）今日（きょう）一日（ついたち）二十日（はつか）日和（ひより）二日（ふつか）",
1584,入,入,"ニュウ いる いれる はいる","入学，侵入，収入寝入る，大入り，気に入る入れる，入れ物入る",⇔要る,
1585,乳,乳,"ニュウ ちち ち","乳児，乳液，牛乳乳乳首，乳飲み子",乳母（うば）,
1586,尿,尿,ニョウ,尿意，尿素，夜尿症,,
1587,任,任,"ニン まかせる まかす","任意，任務，責任任せる，人任せ任す",,
1588,妊,妊,ニン,妊娠，懐妊，不妊,,
1589,忍,忍,"ニン しのぶ しのばせる","忍者，忍耐，残忍忍ぶ，忍び足，忍びやかだ忍ばせる",,
1590,認,認,"ニン みとめる","認識，承認，否認認める",,
1591,寧,寧,ネイ,安寧，丁寧,,
1592,熱,熱,"ネツ あつい","熱病，熱湯，情熱熱い，熱さ",⇔暑い,
1593,年,年,"ネン とし","年代，少年，豊年年，年子，年寄り",今年（ことし）,
1594,念,念,ネン,念願，信念，断念,,
1595,捻,捻,ネン,捻挫，捻出,,
1596,粘,粘,"ネン ねばる","粘土，粘液，粘着粘る，粘り，粘り強い",,
1597,燃,燃,"ネン もえる もやす もす","燃焼，燃料，可燃性燃える，燃え尽きる燃やす燃す",,
1598,悩（惱）,悩（惱）,"ノウ なやむ なやます","悩殺，苦悩，煩悩悩む，悩み，悩ましい悩ます",,
1599,納,納,"ノウ  ナッ  ナ  ナン  トウ おさめる おさまる","納入，納涼，収納納得，納豆納屋納戸出納納める，御用納め納まる，納まり","⇔収める⇔収まる",
1600,能,能,ノウ,能力，芸能，効能,,
1601,脳（腦）,脳（腦）,ノウ,脳髄，首脳，頭脳,,
1602,農,農,ノウ,農業，農具，酪農,,
1603,濃,濃,"ノウ こい","濃厚，濃紺，濃淡濃い，濃さ",,
1604,把,把,ハ,"把握，把持，一把（ワ），三把（バ），十把（パ）",「把（ハ）」は，前に来る音によって「ワ」，「バ」，「パ」になる。,
1605,波,波,"ハ なみ","波浪，波及，電波波，波立つ，荒波",波止場（はとば）,
1606,派,派,ハ,派遣，派生，流派,,
1607,破,破,"ハ やぶる やぶれる","破壊，破産，撃破，破棄破る，型破り破れる，破れ",⇔敗れる,
1608,覇（霸）,覇（霸）,ハ,覇権，覇者，制覇,,
1609,馬,馬,"バ うま  ま","馬車，競馬，乗馬馬，馬小屋馬子，絵馬",伝馬船（てんません）,
1610,婆,婆,バ,老婆，産婆役,,
1611,罵,罵,"バ ののしる","罵声，罵倒罵る",,
1612,拝（拜）,拝（拜）,"ハイ おがむ","拝見，拝礼，崇拝拝む，拝み倒す",,
1613,杯,杯,"ハイ さかずき","祝杯，銀杯，一杯杯",,
1614,背,背,"ハイ せ せい そむく そむける","背後，背景，腹背背，背丈，背中背，上背背く背ける",,
1615,肺,肺,ハイ,肺臓，肺炎，肺活量,,
1616,俳,俳,ハイ,俳優，俳句，俳味,,
1617,配,配,"ハイ くばる","配分，交配，心配配る",,
1618,排,排,ハイ,排斥，排気，排除,,
1619,敗,敗,"ハイ やぶれる","敗北，腐敗，失敗敗れる",⇔破れる,
1620,廃（廢）,廃（廢）,"ハイ すたれる すたる","廃止，廃物，荒廃廃れる廃る，はやり廃り",,
1621,輩,輩,ハイ,輩出，同輩，先輩,,
1622,売（賣）,売（賣）,"バイ うる うれる","売買，売品，商売売る，売り出す売れる，売れ行き",,
1623,倍,倍,バイ,倍率，倍加，二倍,,
1624,梅（梅）,梅（梅）,"バイ うめ","梅園，梅雨，紅梅梅，梅見，梅酒",梅雨（つゆ）,
1625,培,培,"バイ つちかう","培養，栽培培う",,
1626,陪,陪,バイ,陪席，陪食，陪審,,
1627,媒,媒,バイ,媒介，媒体，触媒,,
1628,買,買,"バイ かう","買収，売買，購買買う，買い物",,
1629,賠,賠,バイ,賠償,,
1630,白,白,"ハク ビャク しろ  しら しろい","白髪，紅白，明白黒白白，白黒，真っ白白壁，白む，白ける白い",白髪（しらが）,
1631,伯,伯,ハク,伯仲，画伯,"伯父（おじ）伯母（おば）",
1632,拍,拍,"ハク  ヒョウ","拍手，拍車，一拍拍子",,
1633,泊,泊,"ハク とまる とめる","宿泊，停泊，外泊泊まる，泊まり泊める","⇔止まる，留まる⇔止める，留める",
1634,迫,迫,"ハク せまる","迫害，脅迫，切迫迫る",,
1635,剝,剝,"ハク はがす はぐ はがれる はげる","剝製，剝奪剝がす剝ぐ剝がれる剝げる",＊［（付）第２の３参照］,
1636,舶,舶,ハク,舶来，船舶,,
1637,博,博,"ハク  バク","博識，博覧，博士号博労，博徒",博士（はかせ）,
1638,薄,薄,"ハク うすい うすめる うすまる うすらぐ うすれる","薄情，薄謝，軽薄薄い，薄着，品薄薄める薄まる薄らぐ薄れる",,
1639,麦（麥）,麦（麥）,"バク むぎ","麦芽，麦秋，精麦麦，麦粉，小麦",,
1640,漠,漠,バク,漠然，広漠，砂漠,,
1641,縛,縛,"バク しばる","束縛，捕縛縛る，金縛り",,
1642,爆,爆,バク,爆発，爆弾，原爆,,
1643,箱,箱,はこ,箱，箱庭，小箱,,
1644,箸,箸,はし,箸,＊［（付）第２の３【賭】参照］,
1645,畑,畑,"はた はたけ","畑，畑作畑，畑違い，麦畑",,
1646,肌,肌,はだ,肌，肌色，地肌,,
1647,八,八,"ハチ や やつ やっつ  よう","八月，八方八重桜八つ当たり八つ八日","八百屋（やおや）八百長（やおちょう）",
1648,鉢,鉢,"ハチ  ハツ","鉢，植木鉢衣鉢",,
1649,発（發）,発（發）,"ハツ ホツ","発明，発射，突発発作，発端，発起",,
1650,髪（髮）,髪（髮）,"ハツ かみ","頭髪，白髪，整髪髪，髪結い，日本髪",白髪（しらが）,
1651,伐,伐,バツ,伐採，征伐，殺伐,,
1652,抜（拔）,抜（拔）,"バツ ぬく ぬける ぬかす ぬかる","抜群，選抜抜く，くぎ抜き抜ける，気抜け抜かす抜かる，抜かり",,
1653,罰,罰,"バツ バチ","罰金，処罰，天罰罰当たり",,
1654,閥,閥,バツ,門閥，財閥，派閥,,
1655,反,反,"ハン  ホン  タン そる そらす","反映，反対，違反謀反反物反る，反り反らす",,
1656,半,半,"ハン なかば","半分，半面，大半半ば",,
1657,氾,氾,ハン,氾濫,,
1658,犯,犯,"ハン おかす","犯罪，共犯，侵犯犯す",⇔侵す，冒す,
1659,帆,帆,"ハン ほ","帆船，帆走，出帆帆，帆柱，帆前船",,
1660,汎,汎,ハン,汎用,,
1661,伴,伴,"ハン バン ともなう","同伴，随伴伴奏，伴食伴う",,
1662,判,判,"ハン バン","判定，判明，裁判Ａ判，大判",,
1663,坂,坂,"ハン さか","急坂坂，坂道，下り坂",,
1664,阪,阪,ハン,阪神，京阪,大阪（おおさか）府,
1665,板,板,"ハン バン いた","乾板，鉄板黒板，掲示板板，板前",,
1666,版,版,ハン,版画，写真版，出版,,
1667,班,班,ハン,班長，救護班,,
1668,畔,畔,ハン,湖畔,,
1669,般,般,ハン,諸般，一般，先般,,
1670,販,販,ハン,販売，販路，市販,,
1671,斑,斑,ハン,斑点,,
1672,飯,飯,"ハン めし","御飯，炊飯，赤飯飯，飯粒，五目飯",,
1673,搬,搬,ハン,搬入，搬出，運搬,,
1674,煩,煩,"ハン  ボン わずらう わずらわす","煩雑煩悩煩う，煩い，煩わしい煩わす",⇔患う,
1675,頒,頒,ハン,頒布，頒価,,
1676,範,範,ハン,範囲，師範，模範,,
1677,繁（繁）,繁（繁）,ハン,繁栄，繁茂，繁華街,,
1678,藩,藩,ハン,藩主，廃藩,,
1679,晩（晚）,晩（晚）,バン,晩夏，今晩，早晩,,
1680,番,番,バン,番人，番組，順番,,
1681,蛮（蠻）,蛮（蠻）,バン,蛮行，蛮人，野蛮,,
1682,盤,盤,バン,基盤，円盤，碁盤,,
1683,比,比,"ヒ くらべる","比較，比例，無比比べる，背比べ",,
1684,皮,皮,"ヒ かわ","皮膚，皮相，樹皮皮，毛皮",⇔革,
1685,妃,妃,ヒ,妃殿下，王妃,,
1686,否,否,"ヒ いな","否定，適否，安否否，否めない",,
1687,批,批,ヒ,批判，批評，批准,,
1688,彼,彼,"ヒ かれ  かの","彼我，彼岸彼，彼ら彼女",,
1689,披,披,ヒ,披見，披露，直披,,
1690,肥,肥,"ヒ こえる こえ こやす こやし","肥大，肥料，施肥肥える肥，下肥肥やす肥やし",,
1691,非,非,ヒ,非難，非常，是非,,
1692,卑（卑）,卑（卑）,"ヒ いやしい いやしむ いやしめる","卑近，卑屈，卑下卑しい，卑しさ卑しむ卑しめる",,
1693,飛,飛,"ヒ とぶ とばす","飛行，飛躍，雄飛飛ぶ，飛び火飛ばす",⇔跳ぶ,
1694,疲,疲,"ヒ つかれる","疲労，疲弊疲れる，疲れ",,
1695,秘（祕）,秘（祕）,"ヒ ひめる","秘密，秘書，神秘秘める",,
1696,被,被,"ヒ こうむる","被服，被害，被告被る",,
1697,悲,悲,"ヒ かなしい かなしむ","悲喜，悲劇，慈悲悲しい，悲しがる悲しむ，悲しみ",,
1698,扉,扉,"ヒ とびら","開扉，門扉扉",,
1699,費,費,"ヒ ついやす ついえる","費用，消費，旅費費やす費える，費え",,
1700,碑（碑）,碑（碑）,ヒ,碑銘，石碑，記念碑,,
1701,罷,罷,ヒ,罷業，罷免,,
1702,避,避,"ヒ さける","避難，逃避，不可避避ける",,
1703,尾,尾,"ビ お","尾行，首尾，末尾尾，尾頭付き，尾根",尻尾（しっぽ）,
1704,眉,眉,"ビ  ミ まゆ","眉目，焦眉眉間眉毛",,
1705,美,美,"ビ うつくしい","美醜，美術，賛美美しい，美しさ",,
1706,備,備,"ビ そなえる そなわる","備考，守備，準備備える，備え備わる",⇔供える,
1707,微,微,ビ,微細，微笑，衰微,,
1708,鼻,鼻,"ビ はな","鼻音，鼻孔，耳鼻科鼻，鼻血，小鼻",,
1709,膝,膝,ひざ,膝，膝頭,,
1710,肘,肘,ひじ,肘，肘掛け,,
1711,匹,匹,"ヒツ ひき","匹敵，匹夫，馬匹数匹",,
1712,必,必,"ヒツ かならず","必然，必死，必要必ず，必ずしも",,
1713,泌,泌,"ヒツ ヒ","分泌泌尿器",「分泌」は，「ブンピ」とも。,
1714,筆,筆,"ヒツ ふで","筆力，筆記，毛筆筆，筆先",,
1715,姫,姫,ひめ,姫，姫松,,
1716,百,百,ヒャク,百貨店，百科全書，数百,"八百屋（やおや）八百長（やおちょう）",
1717,氷,氷,"ヒョウ こおり ひ","氷点，氷山，結氷氷氷雨",,
1718,表,表,"ヒョウ おもて あらわす あらわれる","表面，代表，発表表，表門，裏表表す表れる","⇔面⇔現す，著す⇔現れる",
1719,俵,俵,"ヒョウ たわら","一俵，土俵俵，米俵",,
1720,票,票,ヒョウ,票決，投票，伝票,,
1721,評,評,ヒョウ,評価，評判，定評,,
1722,漂,漂,"ヒョウ ただよう","漂着，漂白，漂流漂う",,
1723,標,標,ヒョウ,標準，標本，目標,,
1724,苗,苗,"ビョウ なえ  なわ","種苗，痘苗苗，苗木苗代",早苗（さなえ）,
1725,秒,秒,ビョウ,秒針，秒速，寸秒,,
1726,病,病,"ビョウ  ヘイ やむ やまい","病気，病根，看病疾病病む，病み付き病",,
1727,描,描,"ビョウ えがく かく","描写，素描，点描描く，描き出す描く，絵描き",⇔書く,
1728,猫,猫,"ビョウ ねこ","愛猫猫",,
1729,品,品,"ヒン しな","品評，作品，上品品，品物，手品",,
1730,浜（濱）,浜（濱）,"ヒン はま","海浜浜，浜辺，砂浜",,
1731,貧,貧,"ヒン ビン まずしい","貧富，貧弱，清貧貧乏貧しい，貧しさ",,
1732,賓（賓）,賓（賓）,ヒン,賓客，主賓，来賓,,
1733,頻（頻）,頻（頻）,ヒン,頻度，頻発，頻繁,,
1734,敏（敏）,敏（敏）,ビン,敏速，機敏，鋭敏,,
1735,瓶（甁）,瓶（甁）,ビン,瓶，瓶詰，花瓶,,
1736,不,不,"フ ブ","不当，不利，不賛成不作法，不用心",,
1737,夫,夫,"フ  フウ おっと","夫妻，農夫，凡夫夫婦，工夫夫",,
1738,父,父,"フ ちち","父母，父兄，祖父父，父親","叔父・伯父（おじ）父（とう）さん",
1739,付,付,"フ つける つく","付与，交付，給付付ける，名付け付く，気付く","⇔着ける，就ける⇔着く，就く",
1740,布,布,"フ ぬの","布陣，綿布，分布布，布地，布目",,
1741,扶,扶,フ,扶助，扶養，扶育,,
1742,府,府,フ,府県，首府，政府,,
1743,怖,怖,"フ こわい","恐怖怖い，怖がる",,
1744,阜,阜,フ,,岐阜県,
1745,附,附,フ,附属，寄附,,
1746,訃,訃,フ,訃報,,
1747,負,負,"フ まける まかす おう","負担，負傷，勝負負ける，負け負かす負う，負い目，背負う",,
1748,赴,赴,"フ おもむく","赴任赴く",,
1749,浮,浮,"フ うく うかれる うかぶ うかべる","浮沈，浮力，浮薄浮く，浮き，浮世絵浮かれる浮かぶ浮かべる","浮気（うわき）浮（うわ）つく",
1750,婦,婦,フ,婦人，夫婦，主婦,,
1751,符,符,フ,符号，切符，音符,,
1752,富,富,"フ  フウ とむ とみ","富強，富裕，貧富富貴富む，富み栄える富","富山（とやま）県「富貴」は，「フッキ」とも。",
1753,普,普,フ,普通，普遍，普請,,
1754,腐,腐,"フ くさる くされる くさらす","腐心，腐敗，陳腐腐る腐れ縁，ふて腐れる腐らす",,
1755,敷,敷,"フ しく","敷設敷く，敷石，屋敷",桟敷（さじき）,
1756,膚,膚,フ,皮膚，完膚,,
1757,賦,賦,フ,賦役，月賦，天賦,,
1758,譜,譜,フ,系譜，楽譜，年譜,,
1759,侮（侮）,侮（侮）,"ブ あなどる","侮辱，軽侮侮る，侮り",,
1760,武,武,"ブ ム","武力，武士，文武武者人形，荒武者",,
1761,部,部,ブ,部分，全部，本部,部屋（へや）,
1762,舞,舞,"ブ まう まい","舞踏，舞台，鼓舞舞う，舞い上がる舞，舞扇",,
1763,封,封,"フウ ホウ","封鎖，封書，密封封建的，素封家",,
1764,風,風,"フウ  フ かぜ  かざ","風力，風俗，強風風情，中風風，そよ風風上，風車",風邪（かぜ）,
1765,伏,伏,"フク ふせる ふす","伏線，起伏，潜伏伏せる，うつ伏せ伏す，伏し拝む",,
1766,服,服,フク,服装，服従，洋服,,
1767,副,副,フク,副業，副作用，正副,,
1768,幅,幅,"フク はば","幅員，振幅，全幅幅，横幅",,
1769,復,復,フク,復活，往復，報復,,
1770,福（福）,福（福）,フク,福祉，福徳，幸福,,
1771,腹,腹,"フク はら","腹案，空腹，山腹腹，腹芸，太っ腹",,
1772,複,複,フク,複数，複雑，重複,,
1773,覆,覆,"フク おおう くつがえす くつがえる","覆面，転覆覆う，覆い覆す覆る",,
1774,払（拂）,払（拂）,"フツ はらう","払暁，払底払う，払い，月払い",,
1775,沸,沸,"フツ わく わかす","沸騰，沸点，煮沸沸く，沸き上がる沸かす，湯沸かし",⇔湧く,
1776,仏（佛）,仏（佛）,"ブツ ほとけ","仏事，仏像，念仏仏，仏様，生き仏",,
1777,物,物,"ブツ モツ もの","物質，人物，動物食物，進物，禁物物，物語，品物",果物（くだもの）,
1778,粉,粉,"フン こ こな","粉末，粉砕，粉飾粉，小麦粉粉，粉雪",,
1779,紛,紛,"フン まぎれる まぎらす まぎらわす まぎらわしい","紛失，紛争，内紛紛れる，紛れ紛らす紛らわす紛らわしい",,
1780,雰,雰,フン,雰囲気,,
1781,噴,噴,"フン ふく","噴火，噴出，噴水噴く，噴き出す",⇔吹く,
1782,墳,墳,フン,墳墓，古墳,,
1783,憤,憤,"フン いきどおる","憤慨，義憤，発憤憤る，憤り",,
1784,奮,奮,"フン ふるう","奮起，奮発，興奮奮う，奮い立つ，奮って〔副〕",⇔震う，振るう,
1785,分,分,"ブン フン ブ わける わかれる わかる わかつ","分解，自分，水分分別，分銅，三十分一分一厘，五分分ける，引き分け分かれる分かる分かつ，分かち合う","大分（おおいた）県⇔別れる",
1786,文,文,"ブン モン ふみ","文学，文化，作文文字，経文，天文学恋文",「文字」は，「モジ」とも。,
1787,聞,聞,"ブン モン きく きこえる","新聞，風聞，見聞聴聞，前代未聞聞く，人聞き聞こえる，聞こえ",⇔聴く,
1788,丙,丙,ヘイ,丙種，甲乙丙,,
1789,平,平,"ヘイ ビョウ たいら ひら","平面，平和，公平平等平らな土地，平らげる平手，平謝り，平たい",,
1790,兵,兵,"ヘイ ヒョウ","兵器，兵隊，撤兵兵糧，雑兵",,
1791,併（倂）,併（倂）,"ヘイ あわせる","併合，併用，合併併せる，併せて〔接〕",⇔合わせる,
1792,並（竝）,並（竝）,"ヘイ なみ ならべる ならぶ ならびに","並行，並列，並立並の品，並木，足並み並べる，五目並べ並ぶ，並び並びに",,
1793,柄,柄,"ヘイ がら え","横柄，権柄ずく柄，家柄，身柄柄",,
1794,陛,陛,ヘイ,陛下,,
1795,閉,閉,"ヘイ とじる とざす しめる しまる","閉店，閉口，密閉閉じる，閉じ込める閉ざす閉める閉まる","⇔締める⇔締まる",
1796,塀（塀）,塀（塀）,ヘイ,塀，板塀,,
1797,幣,幣,ヘイ,貨幣，紙幣，御幣担ぎ,,
1798,弊,弊,ヘイ,弊害，旧弊，疲弊,,
1799,蔽,蔽,ヘイ,隠蔽,＊［（付）第２の３参照］,
1800,"餅［餅］（餠）","餅［餅］（餠）","ヘイ もち","煎餅餅屋，尻餅","［餅］＝許容字体，＊［（付）第２の３【餌】参照］",
1801,米,米,"ベイ マイ こめ","米作，米価，米食精米，新米，白米米，米粒",,
1802,壁,壁,"ヘキ かべ","壁面，壁画，岸壁壁，壁土，白壁",,
1803,璧,璧,ヘキ,完璧，双璧,,
1804,癖,癖,"ヘキ くせ","習癖，病癖，潔癖癖，口癖",,
1805,別,別,"ベツ わかれる","別離，区別，特別別れる，別れ",⇔分かれる,
1806,蔑,蔑,"ベツ さげすむ","蔑視，軽蔑蔑む",,
1807,片,片,"ヘン かた","紙片，破片，断片片方，片手，片一方",,
1808,辺（邊）,辺（邊）,"ヘン あたり べ","辺境，周辺，その辺辺り海辺，岸辺",,
1809,返,返,"ヘン かえす かえる","返却，返事，返礼返す，仕返し返る，寝返り","⇔帰す⇔帰る",
1810,変（變）,変（變）,"ヘン かわる かえる","変化，異変，大変変わる，変わり種変える","⇔替わる，代わる，換わる⇔替える，代える，換える",
1811,偏,偏,"ヘン かたよる","偏向，偏見，偏食偏る，偏り",,
1812,遍,遍,ヘン,遍歴，普遍，一遍,,
1813,編,編,"ヘン あむ","編集，編成，長編編む，手編み",,
1814,弁（辨）（瓣）（辯）,弁（辨）（瓣）（辯）,ベン,弁償，花弁，雄弁,,
1815,便,便,"ベン ビン たより","便利，便法，簡便便乗，郵便，定期便便り，初便り，花便り",,
1816,勉（勉）,勉（勉）,ベン,勉強，勉学，勤勉,,
1817,歩（步）,歩（步）,"ホ ブ  フ あるく あゆむ","歩道，徒歩，進歩歩合，日歩歩歩く歩む，歩み",,
1818,保,保,"ホ たもつ","保護，保存，担保保つ",,
1819,哺,哺,ホ,哺乳類,,
1820,捕,捕,"ホ とらえる とらわれる とる つかまえる つかまる","捕獲，捕虜，逮捕捕らえる捕らわれる捕る，捕り物捕まえる捕まる","⇔捉える⇔取る，採る",
1821,補,補,"ホ おぎなう","補欠，補充，候補補う，補い",,
1822,舗,舗,ホ,舗装，店舗,老舗（しにせ）,
1823,母,母,"ボ はは","母性，父母，祖母母，母親","乳母（うば）叔母・伯母（おば）母屋・母家（おもや）母（かあ）さん",
1824,募,募,"ボ つのる","募金，募集，応募募る",,
1825,墓,墓,"ボ はか","墓地，墓参，墓穴墓，墓参り",,
1826,慕,慕,"ボ したう","慕情，敬慕，思慕慕う，慕わしい",,
1827,暮,暮,"ボ くれる くらす","暮春，歳暮，薄暮暮れる，暮れ暮らす，暮らし",,
1828,簿,簿,ボ,簿記，名簿，帳簿,,
1829,方,方,"ホウ かた","方法，方角，地方お乗りの方，話し方，敵方",行方（ゆくえ）,
1830,包,包,"ホウ つつむ","包囲，包容力，内包包む，包み，小包",,
1831,芳,芳,"ホウ かんばしい","芳香，芳紀，芳志芳しい，芳しさ",,
1832,邦,邦,ホウ,邦楽，本邦，連邦,,
1833,奉,奉,"ホウ  ブ たてまつる","奉納，奉仕，信奉奉行奉る",,
1834,宝（寶）,宝（寶）,"ホウ たから","宝石，国宝，財宝宝，宝船，子宝",,
1835,抱,抱,"ホウ だく いだく かかえる","抱負，抱懐，介抱抱く抱く抱える，一抱え",,
1836,放,放,"ホウ はなす はなつ はなれる ほうる","放送，放棄，追放放す，手放す放つ放れる放る","⇔離す⇔離れる",
1837,法,法,"ホウ  ハッ  ホッ","法律，文法，方法法度法主",「法主」は，「ホウシュ」とも。,
1838,泡,泡,"ホウ あわ","気泡，水泡，発泡泡，泡立つ",,
1839,胞,胞,ホウ,胞子，同胞，細胞,,
1840,俸,俸,ホウ,俸給，年俸，本俸,,
1841,倣,倣,"ホウ ならう","模倣倣う",⇔習う,
1842,峰,峰,"ホウ みね","秀峰，霊峰，連峰峰，剣が峰",,
1843,砲,砲,ホウ,砲撃，大砲，鉄砲,,
1844,崩,崩,"ホウ くずれる くずす","崩壊崩れる，山崩れ崩す",雪崩（なだれ）,
1845,訪,訪,"ホウ おとずれる たずねる","訪問，来訪，探訪訪れる，訪れ訪ねる",⇔尋ねる,
1846,報,報,"ホウ むくいる","報酬，報告，情報報いる，報い",,
1847,蜂,蜂,"ホウ はち","蜂起蜜蜂",,
1848,豊（豐）,豊（豐）,"ホウ ゆたか","豊作，豊満，豊富豊かだ",,
1849,飽,飽,"ホウ あきる あかす","飽和，飽食飽きる，飽き，見飽きる……に飽かして",,
1850,褒（襃）,褒（襃）,"ホウ ほめる","褒章，褒美，過褒褒める",,
1851,縫,縫,"ホウ ぬう","縫合，縫製，裁縫縫う，縫い目",,
1852,亡,亡,"ボウ  モウ ない","亡父，亡命，存亡亡者亡い，亡き人，亡くす，亡くなる","多く文語の「亡き」で使う。⇔無い",
1853,乏,乏,"ボウ とぼしい","欠乏，貧乏，耐乏乏しい，乏しさ",,
1854,忙,忙,"ボウ いそがしい","忙殺，多忙，繁忙忙しい，忙しさ",,
1855,坊,坊,"ボウ  ボッ","坊主，朝寝坊，赤ん坊坊ちゃん",,
1856,妨,妨,"ボウ さまたげる","妨害妨げる，妨げ",,
1857,忘,忘,"ボウ わすれる","忘却，忘年会，備忘忘れる，物忘れ",,
1858,防,防,"ボウ ふせぐ","防備，堤防，予防防ぐ，防ぎ",,
1859,房,房,"ボウ ふさ","独房，冷房，僧房房，一房，乳房",,
1860,肪,肪,ボウ,脂肪,,
1861,某,某,ボウ,某氏，某国，某所,,
1862,冒,冒,"ボウ おかす","冒険，冒頭，感冒冒す",⇔犯す，侵す,
1863,剖,剖,ボウ,解剖,,
1864,紡,紡,"ボウ つむぐ","紡績，混紡紡ぐ",,
1865,望,望,"ボウ モウ のぞむ","望郷，希望，人望所望，大望，本望望む，望み，望ましい",「大望」は，「タイボウ」とも。,
1866,傍,傍,"ボウ かたわら","傍線，傍聴，路傍傍ら",,
1867,帽,帽,ボウ,帽子，脱帽，無帽,,
1868,棒,棒,ボウ,棒グラフ，棒読み，鉄棒,,
1869,貿,貿,ボウ,貿易,,
1870,貌,貌,ボウ,変貌，美貌,,
1871,暴,暴,"ボウ  バク あばく あばれる","暴言，横暴，乱暴暴露暴く，暴き出す暴れる，大暴れ",,
1872,膨,膨,"ボウ ふくらむ ふくれる","膨大膨らむ，膨らみ膨れる，青膨れ",,
1873,謀,謀,"ボウ  ム はかる","謀略，無謀，首謀者謀反謀る",⇔計る，量る，図る,
1874,頰,頰,ほお,頰，頰張る,"＊［（付）第２の３参照］「頰」は，「ほほ」とも。",
1875,北,北,"ホク きた","北進，北方，敗北北，北風，北半球",,
1876,木,木,"ボク モク き  こ","木石，大木，土木木造，樹木，材木木，並木，拍子木木立，木陰",木綿（もめん）,
1877,朴,朴,ボク,純朴，素朴,,
1878,牧,牧,"ボク まき","牧場，牧師，遊牧牧場",,
1879,睦,睦,ボク,親睦，和睦,,
1880,僕,僕,ボク,僕，公僕,,
1881,墨（墨）,墨（墨）,"ボク すみ","筆墨，白墨，遺墨墨，墨絵，眉墨",,
1882,撲,撲,ボク,撲殺，撲滅，打撲,相撲（すもう）,
1883,没,没,ボツ,没収，没交渉，出没,,
1884,勃,勃,ボツ,勃興，勃発,,
1885,堀,堀,ほり,堀，外堀，釣堀,,
1886,本,本,"ホン もと","本質，本来，資本本，旗本",⇔下，元，基,
1887,奔,奔,ホン,奔走，奔放，出奔,,
1888,翻（飜）,翻（飜）,"ホン ひるがえる ひるがえす","翻意，翻訳，翻刻翻る翻す",,
1889,凡,凡,"ボン  ハン","凡人，凡百，平凡凡例",,
1890,盆,盆,ボン,盆栽，盆地，旧盆,,
1891,麻,麻,"マ あさ","麻薬，麻酔，亜麻麻",,
1892,摩,摩,マ,摩擦，摩天楼,,
1893,磨,磨,"マ みがく","研磨磨く，磨き粉",,
1894,魔,魔,マ,魔法，悪魔，邪魔,,
1895,毎（每）,毎（每）,マイ,毎度，毎日，毎々,,
1896,妹,妹,"マイ いもうと","姉妹，義妹，令妹妹",,
1897,枚,枚,マイ,枚数，枚挙，大枚,,
1898,昧,昧,マイ,曖昧，三昧,,
1899,埋,埋,"マイ うめる うまる うもれる","埋没，埋蔵，埋葬埋める，埋め立て，穴埋め埋まる埋もれる，埋もれ木",,
1900,幕,幕,"マク バク","幕切れ，天幕，暗幕幕府，幕末，幕僚",,
1901,膜,膜,マク,膜質，鼓膜，粘膜,,
1902,枕,枕,まくら,枕，枕元,,
1903,又,又,また,又，又は,,
1904,末,末,"マツ バツ すえ","末代，本末，粉末末子，末弟末，末っ子，末頼もしい","「末子」，「末弟」は，「マッシ」，「マッテイ」とも。",
1905,抹,抹,マツ,抹殺，抹消，一抹,,
1906,万（萬）,万（萬）,"マン バン","万一，万年筆，巨万万国，万端，万全",,
1907,満（滿）,満（滿）,"マン みちる みたす","満月，満足，充満満ちる，満ち潮満たす",,
1908,慢,慢,マン,慢性，怠慢，自慢,,
1909,漫,漫,マン,漫画，漫歩，散漫,,
1910,未,未,ミ,未来，未満，前代未聞,,
1911,味,味,"ミ あじ あじわう","味覚，意味，興味味，味見，塩味味わう，味わい",三味線（しゃみせん）,
1912,魅,魅,ミ,魅力，魅惑，魅する,,
1913,岬,岬,みさき,岬,,
1914,密,密,ミツ,密約，厳密，秘密,,
1915,蜜,蜜,ミツ,蜜，蜜月,,
1916,脈,脈,ミャク,脈絡，動脈，山脈,,
1917,妙,妙,ミョウ,妙案，奇妙，巧妙,,
1918,民,民,"ミン たみ","民族，民主的，国民民",,
1919,眠,眠,"ミン ねむる ねむい","不眠，安眠，睡眠眠る，眠り眠い，眠たい，眠気",,
1920,矛,矛,"ム ほこ","矛盾矛，矛先",,
1921,務,務,"ム つとめる つとまる","事務，職務，義務務める，務め務まる","⇔勤める，努める⇔勤まる",
1922,無,無,"ム ブ ない","無名，無理，皆無無事，無礼，無愛想無い，無くす，無くなる",⇔亡い,
1923,夢,夢,"ム ゆめ","夢幻，夢中，悪夢夢，夢見る，初夢",,
1924,霧,霧,"ム きり","霧笛，濃霧，噴霧器霧，霧雨，朝霧",,
1925,娘,娘,むすめ,娘，娘心，小娘,,
1926,名,名,"メイ ミョウ な","名誉，氏名，有名名字，本名，大名名，名前","仮名（かな）名残（なごり）",
1927,命,命,"メイ ミョウ いのち","命令，運命，生命寿命命，命拾い",,
1928,明,明,"メイ ミョウ あかり あかるい あかるむ あからむ あきらか あける あく あくる あかす","明暗，説明，鮮明明日，光明，灯明明かり，薄明かり明るい，明るさ明るむ明らむ明らかだ明ける，夜明け明く明くる日，明くる朝明かす，種明かし","明日（あす）⇔開ける，空ける⇔開く，空く",
1929,迷,迷,"メイ まよう","迷路，迷惑，低迷迷う，迷い",迷子（まいご）,
1930,冥,冥,"メイ ミョウ","冥福冥加，冥利",,
1931,盟,盟,メイ,加盟，同盟，連盟,,
1932,銘,銘,メイ,銘柄，碑銘,,
1933,鳴,鳴,"メイ なく なる ならす","鳴動，悲鳴，雷鳴鳴く，鳴き声鳴る，耳鳴り鳴らす",,
1934,滅,滅,"メツ ほろびる ほろぼす","滅亡，消滅，絶滅滅びる滅ぼす",,
1935,免（免）,免（免）,"メン まぬかれる","免許，免除，放免免れる",「まぬがれる」とも。,
1936,面,面,"メン おも おもて つら","面会，顔面，方面川の面，面影，面長面，細面面，面魂，鼻面","真面目（まじめ）⇔表",
1937,綿,綿,"メン わた","綿布，綿密，純綿綿，真綿",木綿（もめん）,
1938,麺（麵）,麺（麵）,メン,麺類,,
1939,茂,茂,"モ しげる","繁茂茂る，茂み",,
1940,模,模,"モ ボ","模範，模型，模倣規模",,
1941,毛,毛,"モウ け","毛髪，毛細管，不毛毛，毛糸，抜け毛",,
1942,妄,妄,"モウ ボウ","妄信，妄想，迷妄妄言",「妄言」は，「モウゲン」とも。,
1943,盲,盲,モウ,盲点，盲従，文盲,,
1944,耗,耗,"モウ  コウ","消耗心神耗弱",「モウ」は，慣用音。,
1945,猛,猛,モウ,猛烈，猛獣，勇猛,猛者（もさ）,
1946,網,網,"モウ あみ","網膜，漁網，通信網網，網戸",投網（とあみ）,
1947,目,目,"モク  ボク め  ま","目的，目前，項目面目目，目立つ，結び目目の当たり，目深","「面目」は，「メンモク」とも。真面目（まじめ）",
1948,黙（默）,黙（默）,"モク だまる","黙殺，暗黙，沈黙黙る，黙り込む",,
1949,門,門,"モン かど","門戸，門下生，専門門，門口，門松",,
1950,紋,紋,モン,紋章，指紋，波紋,,
1951,問,問,"モン とう とい  とん","問題，問答，訪問問う，問いただす問い問屋",「問屋」は，「といや」とも。,
1952,冶,冶,ヤ,冶金，陶冶,鍛冶（かじ）,
1953,夜,夜,"ヤ よ よる","夜半，深夜，昼夜夜が明ける，夜風，月夜夜，夜昼",,
1954,野,野,"ヤ の","野外，野性，分野野，野原，野放し",野良（のら）,
1955,弥（彌）,弥（彌）,や,,弥生（やよい）,
1956,厄,厄,ヤク,厄，厄年，災厄,,
1957,役,役,"ヤク エキ","役所，役目，荷役役務，使役，兵役",,
1958,約,約,ヤク,約束，約半分，節約,,
1959,訳（譯）,訳（譯）,"ヤク わけ","訳文，翻訳，通訳訳，内訳，申し訳",,
1960,薬（藥）,薬（藥）,"ヤク くすり","薬剤，薬局，火薬薬，飲み薬",,
1961,躍,躍,"ヤク おどる","躍動，躍起，飛躍躍る，躍り上がる",⇔踊る,
1962,闇,闇,やみ,闇夜，暗闇,,
1963,由,由,"ユ ユウ  ユイ よし","由来，経由自由，理由，事由由緒……の由",,
1964,油,油,"ユ あぶら","油脂，油田，石油油，油絵，水油",⇔脂,
1965,喩,喩,ユ,比喩,＊［（付）第２の３参照］,
1966,愉,愉,ユ,愉快，愉悦,,
1967,諭,諭,"ユ さとす","諭旨，教諭，説諭諭す，諭し",,
1968,輸,輸,ユ,輸出，輸送，運輸,,
1969,癒,癒,"ユ いえる いやす","癒着，治癒，平癒癒える癒やす",,
1970,唯,唯,"ユイ  イ","唯一，唯物論，唯美主義唯々諾々",,
1971,友,友,"ユウ とも","友好，友情，親友友",友達（ともだち）,
1972,有,有,"ユウ ウ ある","有益，所有，特有有無，有象無象有る，有り金",⇔在る,
1973,勇,勇,"ユウ いさむ","勇敢，勇気，武勇勇む，勇み足，勇ましい",,
1974,幽,幽,ユウ,幽境，幽玄，幽霊,,
1975,悠,悠,ユウ,悠然，悠長，悠々,,
1976,郵,郵,ユウ,郵便，郵送，郵券,,
1977,湧,湧,"ユウ わく","湧水，湧出湧く",⇔沸く,
1978,猶,猶,ユウ,猶予,,
1979,裕,裕,ユウ,裕福，富裕，余裕,,
1980,遊,遊,"ユウ  ユ あそぶ","遊戯，遊離，交遊遊山遊ぶ，遊び",,
1981,雄,雄,"ユウ お おす","雄大，英雄，雌雄雄しべ，雄牛，雄々しい雄，雄犬",,
1982,誘,誘,"ユウ さそう","誘惑，誘発，勧誘誘う，誘い水",,
1983,憂,憂,"ユウ うれえる うれい うい","憂愁，憂慮，一喜一憂憂える，憂え憂い憂い，憂き目，物憂い","⇔愁える⇔愁い「憂き」は，文語の連体形。",
1984,融,融,ユウ,融解，融和，金融,,
1985,優,優,"ユウ やさしい すぐれる","優越，優柔，俳優優しい，優しさ優れる",,
1986,与（與）,与（與）,"ヨ あたえる","与党，授与，関与与える",,
1987,予（豫）,予（豫）,ヨ,予定，予備，猶予,,
1988,余（餘）,余（餘）,"ヨ あまる あます","余剰，余地，残余余る，余り余す",,
1989,誉（譽）,誉（譽）,"ヨ ほまれ","名誉，栄誉誉れ",,
1990,預,預,"ヨ あずける あずかる","預金，預託預ける預かる，預かり",,
1991,幼,幼,"ヨウ おさない","幼児，幼虫，幼稚幼い，幼友達",,
1992,用,用,"ヨウ もちいる","用意，使用，費用用いる",,
1993,羊,羊,"ヨウ ひつじ","羊毛，綿羊，牧羊羊",,
1994,妖,妖,"ヨウ あやしい","妖怪，妖艶妖しい",⇔怪しい,
1995,洋,洋,ヨウ,洋楽，洋風，海洋,,
1996,要,要,"ヨウ かなめ いる","要点，要注意，重要要要る",⇔入る,
1997,容,容,ヨウ,容易，容器，形容,,
1998,庸,庸,ヨウ,凡庸，中庸,,
1999,揚,扬,"ヨウ あげる あがる","意気揚々，抑揚，掲揚揚げる，荷揚げ揚がる","⇔上げる，挙げる⇔上がる，挙がる",
2000,揺（搖）,揺,"ヨウ ゆれる ゆる ゆらぐ ゆるぐ ゆする ゆさぶる ゆすぶる","動揺揺れる，揺れ揺り返し，揺り籠揺らぐ揺るぐ，揺るぎない揺する，貧乏揺すり揺さぶる揺すぶる",,
2001,葉,叶,"ヨウ は","葉緑素，落葉，紅葉葉，枯れ葉，落ち葉",紅葉（もみじ）,
2002,陽,阳,ヨウ,陽光，陰陽，太陽,,
2003,溶,溶,"ヨウ とける とかす とく","溶解，溶液，水溶液溶ける溶かす溶く","⇔解ける⇔解かす⇔解く",
2004,腰,腰,"ヨウ こし","腰痛，腰部腰，腰だめ，物腰",,
2005,様（樣）,样,"ヨウ さま","様式，様子，模様様，○○様",,
2006,瘍,伤,ヨウ,潰瘍，腫瘍,,
2007,踊,踊,"ヨウ おどる おどり","舞踊踊る踊り",⇔躍る,
2008,窯,窑,"ヨウ かま","窯業窯",,
2009,養,养,"ヨウ やしなう","養育，養子，休養養う",,
2010,擁,拥,ヨウ,擁護，擁立，抱擁,,
2011,謡（謠）,谣,"ヨウ うたい うたう","謡曲，民謡，歌謡謡，素謡謡う",⇔歌う,
2012,曜,曜,ヨウ,曜日，七曜表，日曜,,
2013,抑,抑,"ヨク おさえる","抑圧，抑制，抑揚抑える，抑え",⇔押さえる,
2014,沃,沃,ヨク,肥沃,,
2015,浴,浴,"ヨク あびる あびせる","浴場，海水浴浴びる，水浴び浴びせる",浴衣（ゆかた）,
2016,欲,欲,"ヨク ほっする ほしい","欲望，食欲，無欲欲する欲しい，欲しがる",,
2017,翌,翌,ヨク,翌春，翌年，翌々日,,
2018,翼,翼,"ヨク つばさ","左翼，尾翼翼",,
2019,拉,拉,ラ,拉致,,
2020,裸,裸,"ラ はだか","裸身，裸体，赤裸々裸，丸裸",,
2021,羅,罗,ラ,羅列，羅針盤，網羅,,
2022,来（來）,来,"ライ くる きたる きたす","来年，来歴，往来来る，出来心来る○日来す",,
2023,雷,雷,"ライ かみなり","雷雨，雷名，魚雷雷",,
2024,頼（賴）,頼,"ライ たのむ たのもしい たよる","依頼，信頼，無頼漢頼む，頼み頼もしい頼る，頼り",,
2025,絡,络,"ラク からむ からまる からめる","連絡，脈絡絡む，絡み付く絡まる絡める",,
2026,落,落,"ラク おちる おとす","落語，落涙，集落落ちる，落ち着く落とす，力落とし",,
2027,酪,酪,ラク,酪農,,
2028,辣,辣,ラツ,辣腕，辛辣,,
2029,乱（亂）,乱,"ラン みだれる みだす","乱戦，混乱，反乱乱れる，乱れ乱す",,
2030,卵,卵,"ラン たまご","卵黄，鶏卵，産卵卵",,
2031,覧（覽）,览,ラン,観覧，展覧，一覧,,
2032,濫,滥,ラン,濫伐，濫費，濫用,,
2033,藍,蓝,"ラン あい","出藍藍色，藍染め",,
2034,欄（欄）,栏,ラン,欄干，欄外，空欄,,
2035,吏,吏,リ,吏員，官吏，能吏,,
2036,利,利,"リ きく","利益，鋭利，勝利利く，左利き，口利き","砂利（じゃり）⇔効く",
2037,里,里,"リ さと","里程，郷里，千里眼里，里心，村里",,
2038,理,理,リ,理科，理由，整理,,
2039,痢,痢,リ,疫痢，下痢，赤痢,,
2040,裏,里,"リ うら","裏面，表裏裏，裏口",,
2041,履,履,"リ はく","履歴，履行，弊履履く，履物",草履（ぞうり）,
2042,璃,璃,リ,浄瑠璃,,
2043,離,离,"リ はなれる はなす","離別，距離，分離離れる，離れ，乳離れ離す","⇔放れる⇔放す",
2044,陸,陆,リク,陸地，陸橋，着陸,,
2045,立,立,"リツ  リュウ たつ たてる","立案，起立，独立建立立つ，立場，夕立立てる，立て札","立ち退く（たちのく）⇔建つ⇔建てる",
2046,律,律,"リツ  リチ","律動，規律，法律律儀",,
2047,慄,栗,リツ,慄然，戦慄,,
2048,略,略,リャク,略称，計略，侵略,,
2049,柳,柳,"リュウ やなぎ","花柳界，川柳柳，柳腰",,
2050,流,流,"リュウ  ル ながれる ながす","流行，流動，電流流布，流転，流罪流れる，流れ流す，流し",,
2051,留,留,"リュウ  ル とめる とまる","留意，留学，保留留守留める，帯留め留まる，歩留まり","⇔止める，泊める⇔止まる，泊まる",
2052,竜（龍）,龙,"リュウ たつ","竜，竜頭蛇尾竜巻",,
2053,粒,粒,"リュウ つぶ","粒子，粒々辛苦粒，豆粒",,
2054,隆（隆）,隆,リュウ,隆起，隆盛，興隆,,
2055,硫,硫,リュウ,硫安，硫酸，硫化銀,硫黄（いおう）,
2056,侶,侶,リョ,僧侶，伴侶,,
2057,旅,旅,"リョ たび","旅行，旅情，旅券旅，旅先，船旅",,
2058,虜（虜）,虏,リョ,虜囚，捕虜,,
2059,慮,虑,リョ,遠慮，考慮，無慮,,
2060,了,了,リョウ,了解，完了，校了,,
2061,両（兩）,两,リョウ,両親，両立，千両,,
2062,良,良,"リョウ  よい","良好，良心，優良良い","野良（のら）奈良（なら）県⇔善い",
2063,料,料,リョウ,料金，料理，材料,,
2064,涼,涼,"リョウ すずしい すずむ","涼味，清涼剤，納涼涼しい，涼しさ涼む，夕涼み",,
2065,猟（獵）,猎,リョウ,猟師，狩猟，渉猟,,
2066,陵,陵,"リョウ みささぎ","陵墓，丘陵陵",,
2067,量,量,"リョウ はかる","量産，測量，度量量る",⇔計る，測る，図る，謀る,
2068,僚,僚,リョウ,僚友，官僚，同僚,,
2069,領,领,リョウ,領土，要領，大統領,,
2070,寮,寮,リョウ,寮生，寮母，独身寮,,
2071,療,疗,リョウ,療養，医療，治療,,
2072,瞭,瞭,リョウ,明瞭,,
2073,糧,粮,"リョウ  ロウ かて","糧食，糧道兵糧糧",,
2074,力,力,"リョク リキ ちから","権力，努力，能力力量，力作，馬力力，力仕事，底力",,
2075,緑（綠）,绿,"リョク  ロク みどり","緑茶，緑陰，新緑緑青緑，薄緑",,
2076,林,林,"リン はやし","林業，林立，山林林，松林",,
2077,厘,厘,リン,一分一厘,,
2078,倫,伦,リン,倫理，人倫，絶倫,,
2079,輪,轮,"リン わ","輪番，一輪，車輪輪，輪切り，首輪",,
2080,隣,隣,"リン となる となり","隣室，隣接，近隣隣り合う隣，両隣",,
2081,臨,临,"リン のぞむ","臨時，臨床，君臨臨む",,
2082,瑠,瑠,ル,浄瑠璃,,
2083,涙（淚）,泪,"ルイ なみだ","感涙，声涙，落涙涙，涙ぐむ，涙ぐましい",,
2084,累,累,ルイ,累計，累積，係累,,
2085,塁（壘）,垒,ルイ,塁審，敵塁，土塁,,
2086,類（類）,类,"ルイ たぐい","類型，種類，分類類い，○○の類い",,
2087,令,令,レイ,令嬢，法令，命令,,
2088,礼（禮）,礼,"レイ ライ","礼儀，謝礼，無礼礼賛，礼拝",「礼拝」は，「レイハイ」とも。,
2089,冷,冷,"レイ つめたい ひえる ひや ひやす ひやかす さめる さます","冷却，冷淡，寒冷冷たい，冷たさ冷える，底冷え冷や，冷や汗，冷ややかだ冷やす冷やかす，冷やかし冷める冷ます，湯冷まし",,
2090,励（勵）,励,"レイ はげむ はげます","励行，奨励，精励励む，励み励ます，励まし",,
2091,戻（戾）,戾,"レイ もどす もどる","戻入，返戻戻す，差し戻し戻る，後戻り",,
2092,例,例,"レイ たとえる","例外，例年，用例例える，例え，例えば",,
2093,鈴,铃,"レイ リン すず","電鈴，振鈴，予鈴風鈴，呼び鈴鈴",,
2094,零,零,レイ,零下，零細，零落,,
2095,霊（靈）,灵,"レイ リョウ たま","霊感，霊魂，霊長類悪霊，死霊霊，霊屋",,
2096,隷,隶,レイ,隷書，隷属，奴隷,,
2097,齢（齡）,龄,レイ,樹齢，年齢，妙齢,,
2098,麗,丽,"レイ うるわしい","麗人，端麗，美麗麗しい，麗しさ",,
2099,暦（曆）,历,"レキ こよみ","暦年，還暦，太陽暦暦，花暦",,
2100,歴（歷）,历,レキ,歴史，歴訪，経歴,,
2101,列,列,レツ,列外，列車，陳列,,
2102,劣,劣,"レツ おとる","劣等，卑劣，優劣劣る",,
2103,烈,烈,レツ,烈火，壮烈，猛烈,,
2104,裂,裂,"レツ さく さける","決裂，破裂，分裂裂く，八つ裂き裂ける，裂け目",⇔割く,
2105,恋（戀）,恋,"レン こう こい こいしい","恋愛，恋慕，失恋恋い慕う，恋い焦がれる恋，初恋，恋する恋しい，恋しがる",,
2106,連,连,"レン つらなる つらねる つれる","連合，連続，関連連なる連ねる連れる，連れ",,
2107,廉,廉,レン,廉価，清廉，破廉恥,,
2108,練（練）,练,"レン ねる","練習，試練，熟練練る，練り直す",,
2109,錬（鍊）,炼,レン,錬金術，鍛錬，精錬,,
2110,呂,吕,ロ,風呂,,
2111,炉（爐）,炉,ロ,炉辺，暖炉，原子炉,,
2112,賂,赂,ロ,賄賂,,
2113,路,路,"ロ じ","路上，道路家路，旅路，山路",,
2114,露,露,"ロ  ロウ つゆ","露出，露店，雨露披露露，夜露",,
2115,老,老,"ロウ おいる ふける","老巧，老人，長老老いる，老い老ける，老け役",老舗（しにせ）,
2116,労（勞）,劳,ロウ,労働，労力，疲労,,
2117,弄,弄,"ロウ もてあそぶ","愚弄，翻弄弄ぶ",,
2118,郎（郞）,郎,ロウ,新郎,,
2119,朗（朗）,朗,"ロウ ほがらか","朗読，朗々と，明朗朗らかだ，朗らかさ",,
2120,浪,浪,ロウ,浪費，波浪，放浪,,
2121,廊（廊）,廊,ロウ,廊下，回廊，画廊,,
2122,楼（樓）,楼,ロウ,楼閣，鐘楼，望楼,,
2123,漏,漏,"ロウ もる もれる もらす","漏電，疎漏，脱漏漏る，雨漏り漏れる漏らす",,
2124,籠,笼,"ロウ かご こもる","籠城籠籠もる",,
2125,六,六,"ロク む むつ むっつ  むい","六月，六法，丈六六月目六つ切り六つ六日",,
2126,録（錄）,录,ロク,録音，記録，実録,,
2127,麓,麓,"ロク ふもと","山麓麓",,
2128,論,论,ロン,論証，論理，議論,,
2129,和,和,"ワ  オ やわらぐ やわらげる なごむ なごやか","和解，和服，柔和和尚和らぐ和らげる和む和やかだ","日和（ひより）大和（やまと）",
2130,話,话,"ワ はなす はなし","話題，会話，童話話す，話し合い話，昔話，立ち話",,
2131,賄,贿,"ワイ まかなう","収賄，贈賄賄う，賄い",,
2132,脇,胁,わき,脇腹，両脇,,
2133,惑,惑,"ワク まどう","惑星，迷惑，誘惑惑う，惑い",,
2134,枠,樺,わく,枠，枠内，窓枠,,
2135,湾（灣）,湾,ワン,湾内，湾入，港湾,,
2136,腕,腕,"ワン うで","腕章，腕力，敏腕腕，腕前，細腕",,
